id,title
1,タイガーマスク
2,タイガーマスク
3,タイガーマスク
4,タイガーマスク
5,タイガーマスク
6,タイガーマスク
7,タイガーマスク
8,タイガーマスク
9,タイガーマスク
10,タイガーマスク
11,タイガーマスク
12,タイガーマスク
13,タイガーマスク
14,タイガーマスク
15,タイムボカン
16,タイムボカン
17,タイムボカン
18,タイムボカン
19,タイムボカン
20,タイムボカン
21,タイムボカン
22,赤毛のアン
23,赤毛のアン
24,赤毛のアン
25,赤毛のアン
26,赤毛のアン
27,赤毛のアン
28,赤毛のアン
29,赤毛のアン
30,赤毛のアン
31,赤毛のアン
32,赤毛のアン
33,赤毛のアン
34,赤毛のアン
35,赤毛のアン
36,赤毛のアン
37,赤毛のアン
38,赤毛のアン
39,赤毛のアン
40,赤毛のアン
41,赤毛のアン
42,赤毛のアン
43,超電磁ロボ　コン・バトラーＶ
44,超電磁ロボ　コン・バトラーＶ
45,超電磁ロボ　コン・バトラーＶ
46,超電磁ロボ　コン・バトラーＶ
47,超電磁ロボ　コン・バトラーＶ
48,超電磁ロボ　コン・バトラーＶ
49,超電磁ロボ　コン・バトラーＶ
50,超電磁ロボ　コン・バトラーＶ
51,超電磁ロボ　コン・バトラーＶ
52,超電磁ロボ　コン・バトラーＶ
53,超電磁ロボ　コン・バトラーＶ
54,超電磁ロボ　コン・バトラーＶ
55,超電磁ロボ　コン・バトラーＶ
56,超電磁ロボ　コン・バトラーＶ
57,超電磁ロボ　コン・バトラーＶ
58,超電磁ロボ　コン・バトラーＶ
59,超電磁ロボ　コン・バトラーＶ
60,超電磁ロボ　コン・バトラーＶ
61,超電磁ロボ　コン・バトラーＶ
62,超電磁ロボ　コン・バトラーＶ
63,超電磁ロボ　コン・バトラーＶ
64,ディノブレイカー
65,ディノブレイカー
66,ディノブレイカー
67,ディノブレイカー
68,ディノブレイカー
69,ディノブレイカー
70,ディノブレイカー
71,デビルマン
72,宇宙戦艦ヤマト
73,宇宙戦艦ヤマト
74,海のトリトン
75,海のトリトン
76,海のトリトン
77,海のトリトン
78,海のトリトン
79,海のトリトン
80,海のトリトン
81,海のトリトン
82,海のトリトン
83,ガンバの冒険
84,ガンバの冒険
85,ガンバの冒険
86,ガンバの冒険
87,ガンバの冒険
88,ガンバの冒険
89,ガンバの冒険
90,ガンバの冒険
91,ガンバの冒険
92,ガンバの冒険
93,ガンバの冒険
94,ガンバの冒険
95,ガンバの冒険
96,ガンバの冒険
97,ガンバの冒険
98,ガンバの冒険
99,ガンバの冒険
100,ガンバの冒険
101,ガンバの冒険
102,ガンバの冒険
103,科学忍者隊ガッチャマン
104,科学忍者隊ガッチャマン
105,科学忍者隊ガッチャマン
106,科学忍者隊ガッチャマン
107,科学忍者隊ガッチャマン
108,科学忍者隊ガッチャマン
109,科学忍者隊ガッチャマン
110,キューティーハニー
111,キューティーハニー
112,キューティーハニー
113,キューティーハニー
114,キューティーハニー
115,キューティーハニー
116,キューティーハニー
117,キューティーハニー
118,キューティーハニー
119,キューティーハニー
120,強殖装甲ガイバー
121,強殖装甲ガイバー
122,強殖装甲ガイバー
123,強殖装甲ガイバー
124,母をたずねて三千里
125,母をたずねて三千里
126,母をたずねて三千里
127,銀河鉄道999
128,紅三四郎
129,紅三四郎
130,紅三四郎
131,フランダースの犬
132,フランダースの犬
133,フランダースの犬
134,フランダースの犬
135,フランダースの犬
136,フランダースの犬
137,フランダースの犬
138,フランダースの犬
139,フランダースの犬
140,フランダースの犬
141,フランダースの犬
142,ベルサイユのばら
143,鋼鉄ジーグ
144,鋼鉄ジーグ
145,鋼鉄ジーグ
146,鋼鉄ジーグ
147,鋼鉄ジーグ
148,サザエさん
149,サザエさん
150,サザエさん
151,サザエさん
152,サザエさん
153,サザエさん
154,サザエさん
155,サザエさん
156,サザエさん
157,サザエさん
158,サザエさん
159,サザエさん
160,サザエさん
161,サザエさん
162,サザエさん
163,サザエさん
164,サザエさん
165,サザエさん
166,サザエさん
167,サザエさん
168,サザエさん
169,サザエさん
170,サスケ
171,サスケ
172,ミヨリの森
173,ミヨリの森
174,ミヨリの森
175,ミヨリの森
176,ミヨリの森
177,未来少年コナン
178,未来少年コナン
179,未来少年コナン
180,未来少年コナン
181,未来少年コナン
182,未来少年コナン
183,未来少年コナン
184,ゼンダマン
185,ゼンダマン
186,ゼンダマン
187,ゼンダマン
188,ゼンダマン
189,ゼンダマン
190,ゼンダマン
191,ゼンダマン
192,ゼンダマン
193,ゼンダマン
194,ゼンダマン
195,ゼンダマン
196,ゼンダマン
197,ゼンダマン
198,勇者ライディーン
199,惑星ロボ ダンガードA
200,惑星ロボ ダンガードA
201,惑星ロボ ダンガードA
202,惑星ロボ ダンガードA
203,惑星ロボ ダンガードA
204,惑星ロボ ダンガードA
205,惑星ロボ ダンガードA
206,惑星ロボ ダンガードA
207,惑星ロボ ダンガードA
208,惑星ロボ ダンガードA
209,惑星ロボ ダンガードA
210,惑星ロボ ダンガードA
211,惑星ロボ ダンガードA
212,惑星ロボ ダンガードA
213,惑星ロボ ダンガードA
214,惑星ロボ ダンガードA
215,惑星ロボ ダンガードA
216,惑星ロボ ダンガードA
217,惑星ロボ ダンガードA
218,惑星ロボ ダンガードA
219,惑星ロボ ダンガードA
220,惑星ロボ ダンガードA
221,太陽の船 ソルビアンカ
222,太陽の船 ソルビアンカ
223,太陽の船 ソルビアンカ
224,僕は妹に恋をする
225,僕は妹に恋をする
226,僕は妹に恋をする
227,僕は妹に恋をする
228,デビルマン
229,デビルマン
230,デビルマン
231,デビルマン
232,デビルマン
233,デビルマン
234,デビルマン
235,デビルマン
236,デビルマン
237,ルパン三世 GREEN vs RED
238,ルパン三世 GREEN vs RED
239,ルパン三世 GREEN vs RED
240,ルパン三世 GREEN vs RED
241,ルパン三世 GREEN vs RED
242,ルパン三世 GREEN vs RED
243,ルパン三世 GREEN vs RED
244,ルパン三世 GREEN vs RED
245,ルパン三世 GREEN vs RED
246,ルパン三世 GREEN vs RED
247,ルパン三世 GREEN vs RED
248,ルパン三世 GREEN vs RED
249,ルパン三世 GREEN vs RED
250,ルパン三世 GREEN vs RED
251,ルパン三世 GREEN vs RED
252,ルパン三世 GREEN vs RED
253,ルパン三世 GREEN vs RED
254,ルパン三世 GREEN vs RED
255,ルパン三世 GREEN vs RED
256,ルパン三世 GREEN vs RED
257,ルパン三世 GREEN vs RED
258,ルパン三世 生きていた魔術師
259,グレートマジンガー対ゲッターロボG 空中大激突
260,グレートマジンガー対ゲッターロボG 空中大激突
261,グレートマジンガー対ゲッターロボG 空中大激突
262,グレートマジンガー対ゲッターロボG 空中大激突
263,グレートマジンガー対ゲッターロボG 空中大激突
264,グレートマジンガー対ゲッターロボG 空中大激突
265,グレートマジンガー対ゲッターロボG 空中大激突
266,グレートマジンガー対ゲッターロボG 空中大激突
267,グレートマジンガー対ゲッターロボG 空中大激突
268,グレートマジンガー対ゲッターロボG 空中大激突
269,グレートマジンガー対ゲッターロボG 空中大激突
270,ど根性ガエル
271,ど根性ガエル
272,ど根性ガエル
273,ど根性ガエル
274,ど根性ガエル
275,ど根性ガエル
276,ど根性ガエル
277,ど根性ガエル
278,ど根性ガエル
279,ど根性ガエル
280,ど根性ガエル
281,ど根性ガエル
282,ど根性ガエル
283,ドロロンえん魔くん
284,ドロロンえん魔くん
285,ドロロンえん魔くん
286,ドロロンえん魔くん
287,UFOロボ グレンダイザー対グレートマジンガー
288,UFOロボ グレンダイザー対グレートマジンガー
289,UFOロボ グレンダイザー対グレートマジンガー
290,UFOロボ グレンダイザー対グレートマジンガー
291,UFOロボ グレンダイザー対グレートマジンガー
292,UFOロボ グレンダイザー対グレートマジンガー
293,UFOロボ グレンダイザー対グレートマジンガー
294,UFOロボ グレンダイザー対グレートマジンガー
295,はじめ人間ギャートルズ
296,はじめ人間ギャートルズ
297,ハクション大魔王
298,ハクション大魔王
299,ハクション大魔王
300,ハクション大魔王
301,ハクション大魔王
302,ハクション大魔王
303,ハクション大魔王
304,バビル2世
305,バビル2世
306,バビル2世
307,バビル2世
308,バビル2世
309,バビル2世
310,バビル2世
311,バビル2世
312,バビル2世
313,パピヨンローゼ New Season
314,パピヨンローゼ New Season
315,パピヨンローゼ New Season
316,パピヨンローゼ New Season
317,パピヨンローゼ New Season
318,パピヨンローゼ New Season
319,パピヨンローゼ New Season
320,破裏拳ポリマー
321,破裏拳ポリマー
322,破裏拳ポリマー
323,破裏拳ポリマー
324,破裏拳ポリマー
325,ベルサイユのばら
326,ベルサイユのばら
327,ベルサイユのばら
328,ベルサイユのばら
329,ベルサイユのばら
330,ベルサイユのばら
331,ベルサイユのばら
332,ベルサイユのばら
333,ベルサイユのばら
334,ベルサイユのばら
335,ベルサイユのばら
336,ベルサイユのばら
337,ベルサイユのばら
338,ベルサイユのばら
339,ベルサイユのばら
340,ベルサイユのばら
341,ベルサイユのばら
342,ベルサイユのばら
343,ベルサイユのばら
344,ベルサイユのばら
345,ベルサイユのばら
346,ベルサイユのばら
347,ベルサイユのばら
348,ベルサイユのばら
349,ベルサイユのばら
350,ベルサイユのばら
351,ベルサイユのばら
352,ベルサイユのばら
353,ベルサイユのばら
354,ベルサイユのばら
355,ベルサイユのばら
356,ベルサイユのばら
357,ベルサイユのばら
358,ベルサイユのばら
359,ベルサイユのばら
360,ベルサイユのばら
361,ベルサイユのばら
362,ベルサイユのばら
363,ベルサイユのばら
364,ベルサイユのばら
365,ベルサイユのばら
366,ベルサイユのばら
367,ベルサイユのばら
368,ベルサイユのばら
369,ベルサイユのばら
370,ベルサイユのばら
371,ベルサイユのばら
372,ベルサイユのばら
373,ベルサイユのばら
374,ベルサイユのばら
375,ベルサイユのばら
376,ベルサイユのばら
377,ベルサイユのばら
378,ベルサイユのばら
379,ベルサイユのばら
380,ベルサイユのばら
381,ベルサイユのばら
382,マジンガーZ
383,マジンガーZ
384,マジンガーZ
385,マジンガーZ
386,マジンガーZ
387,マジンガーZ
388,マジンガーZ
389,マジンガーZ
390,マジンガーZ
391,マジンガーZ
392,マジンガーZ
393,マジンガーZ
394,マジンガーZ
395,マジンガーZ
396,マジンガーZ
397,無敵超人ザンボット３
398,無敵超人ザンボット３
399,無敵超人ザンボット３
400,無敵超人ザンボット３
401,無敵超人ザンボット３
402,無敵鋼人ダイターン3
403,無敵鋼人ダイターン3
404,無敵鋼人ダイターン3
405,無敵鋼人ダイターン3
406,無敵鋼人ダイターン3
407,無敵鋼人ダイターン3
408,無敵鋼人ダイターン3
409,無敵超人ザンボット３
410,山ねずみロッキーチャック
411,山ねずみロッキーチャック
412,山ねずみロッキーチャック
413,山ねずみロッキーチャック
414,山ねずみロッキーチャック
415,山ねずみロッキーチャック
416,山ねずみロッキーチャック
417,山ねずみロッキーチャック
418,山ねずみロッキーチャック
419,山ねずみロッキーチャック
420,山ねずみロッキーチャック
421,勇者ライディーン
422,勇者ライディーン
423,勇者ライディーン
424,勇者ライディーン
425,勇者ライディーン
426,勇者ライディーン
427,勇者ライディーン
428,勇者ライディーン
429,勇者ライディーン
430,勇者ライディーン
431,勇者ライディーン
432,勇者ライディーン
433,勇者ライディーン
434,勇者ライディーン
435,勇者ライディーン
436,勇者ライディーン
437,勇者ライディーン
438,勇者ライディーン
439,英雄伝説 空の軌跡 THE ANIMATION
440,英雄伝説 空の軌跡 THE ANIMATION
441,英雄伝説 空の軌跡 THE ANIMATION
442,英雄伝説 空の軌跡 THE ANIMATION
443,英雄伝説 空の軌跡 THE ANIMATION
444,英雄伝説 空の軌跡 THE ANIMATION
445,英雄伝説 空の軌跡 THE ANIMATION
446,英雄伝説 空の軌跡 THE ANIMATION
447,英雄伝説 空の軌跡 THE ANIMATION
448,英雄伝説 空の軌跡 THE ANIMATION
449,英雄伝説 空の軌跡 THE ANIMATION
450,英雄伝説 空の軌跡 THE ANIMATION
451,英雄伝説 空の軌跡 THE ANIMATION
452,ディノブレイカー
453,真ゲッターロボ対ネオゲッターロボ
454,真ゲッターロボ対ネオゲッターロボ
455,真ゲッターロボ対ネオゲッターロボ
456,真ゲッターロボ対ネオゲッターロボ
457,真ゲッターロボ対ネオゲッターロボ
458,真ゲッターロボ対ネオゲッターロボ
459,真ゲッターロボ対ネオゲッターロボ
460,真ゲッターロボ対ネオゲッターロボ
461,真ゲッターロボ対ネオゲッターロボ
462,真ゲッターロボ対ネオゲッターロボ
463,真ゲッターロボ対ネオゲッターロボ
464,真ゲッターロボ対ネオゲッターロボ
465,真ゲッターロボ対ネオゲッターロボ
466,スーパーロボット大戦 ORIGINAL GENERATION THE ANIMATION
467,スーパーロボット大戦 ORIGINAL GENERATION THE ANIMATION
468,スーパーロボット大戦 ORIGINAL GENERATION THE ANIMATION
469,スーパーロボット大戦 ORIGINAL GENERATION THE ANIMATION
470,スーパーロボット大戦 ORIGINAL GENERATION THE ANIMATION
471,スーパーロボット大戦 ORIGINAL GENERATION THE ANIMATION
472,スーパーロボット大戦 ORIGINAL GENERATION THE ANIMATION
473,スーパーロボット大戦 ORIGINAL GENERATION THE ANIMATION
474,スーパーロボット大戦 ORIGINAL GENERATION THE ANIMATION
475,スーパーロボット大戦 ORIGINAL GENERATION THE ANIMATION
476,スーパーロボット大戦 ORIGINAL GENERATION THE ANIMATION
477,スーパーロボット大戦 ORIGINAL GENERATION THE ANIMATION
478,スーパーロボット大戦 ORIGINAL GENERATION THE ANIMATION
479,スーパーロボット大戦 ORIGINAL GENERATION THE ANIMATION
480,スーパーロボット大戦 ORIGINAL GENERATION THE ANIMATION
481,スーパーロボット大戦 ORIGINAL GENERATION THE ANIMATION
482,スーパーロボット大戦 ORIGINAL GENERATION THE ANIMATION
483,.hack//Liminality
484,.hack//Liminality
485,.hack//Liminality
486,.hack//Liminality
487,.hack//Liminality
488,.hack//Liminality
489,.hack//Liminality
490,マジンガーZ対デビルマン
491,マジンガーZ対デビルマン
492,マジンガーZ対デビルマン
493,マジンガーZ対デビルマン
494,マジンガーZ対デビルマン
495,マジンガーZ対デビルマン
496,マジンガーZ対デビルマン
497,マジンガーZ対デビルマン
498,マジンガーZ対デビルマン
499,マジンガーZ対デビルマン
500,マジンガーZ対暗黒大将軍
501,マジンガーZ対暗黒大将軍
502,マジンガーZ対暗黒大将軍
503,マジンガーZ対暗黒大将軍
504,マジンガーZ対暗黒大将軍
505,マジンガーZ対暗黒大将軍
506,マジンガーZ対暗黒大将軍
507,マジンガーZ対暗黒大将軍
508,マジンガーZ対暗黒大将軍
509,リトル ウィッチ アカデミア
510,ルパン三世 カリオストロの城
511,ルパン三世 カリオストロの城
512,ルパン三世 カリオストロの城
513,ルパン三世 カリオストロの城
514,ルパン三世 カリオストロの城
515,ルパン三世 カリオストロの城
516,ルパン三世 カリオストロの城
517,ルパン三世 カリオストロの城
518,ルパン三世 カリオストロの城
519,ルパン三世 カリオストロの城
520,ルパン三世 カリオストロの城
521,ルパン三世 カリオストロの城
522,ルパン三世 ルパンVS複製人間
523,ルパン三世 ルパンVS複製人間
524,ルパン三世 ルパンVS複製人間
525,ルパン三世 ルパンVS複製人間
526,ルパン三世 ルパンVS複製人間
527,ルパン三世 ルパンVS複製人間
528,ルパン三世 ルパンVS複製人間
529,ルパン三世 ルパンVS複製人間
530,英雄伝説 空の軌跡 THE ANIMATION
531,恋するシロクマ
532,恋するシロクマ
533,あらいぐまラスカル
534,あらいぐまラスカル
535,あらいぐまラスカル
536,あらいぐまラスカル
537,あらいぐまラスカル
538,あらいぐまラスカル
539,あらいぐまラスカル
540,あらいぐまラスカル
541,アラビアンナイト　シンドバットの冒険
542,アラビアンナイト　シンドバットの冒険
543,アラビアンナイト　シンドバットの冒険
544,アラビアンナイト　シンドバットの冒険
545,アラビアンナイト　シンドバットの冒険
546,アラビアンナイト　シンドバットの冒険
547,アラビアンナイト　シンドバットの冒険
548,アラビアンナイト　シンドバットの冒険
549,アラビアンナイト　シンドバットの冒険
550,アラビアンナイト　シンドバットの冒険
551,アラビアンナイト　シンドバットの冒険
552,一球さん
553,一球さん
554,一球さん
555,一球さん
556,一球さん
557,一球さん
558,一球さん
559,一球さん
560,機動戦士ガンダム
561,機動戦士ガンダム
562,機動戦士ガンダム
563,機動戦士ガンダム
564,機動戦士ガンダム
565,機動戦士ガンダム
566,機動戦士ガンダム
567,機動戦士ガンダム
568,機動戦士ガンダム
569,機動戦士ガンダム
570,機動戦士ガンダム
571,機動戦士ガンダム
572,グラビテーション
573,グラビテーション
574,グラビテーション
575,グラビテーション
576,グラビテーション
577,グラビテーション
578,グラビテーション
579,グラビテーション
580,グラビテーション
581,鋼鉄ジーグ
582,鋼鉄ジーグ
583,鋼鉄ジーグ
584,鋼鉄ジーグ
585,鋼鉄ジーグ
586,鋼鉄ジーグ
587,鋼鉄ジーグ
588,鋼鉄ジーグ
589,サザエさん
590,パーマン（1983）
591,パーマン（1983）
592,パーマン（1983）
593,パーマン（1983）
594,パーマン（1983）
595,パーマン（1983）
596,パーマン（1983）
597,パーマン（1983）
598,パーマン（1983）
599,エースをねらえ！
600,忍風カムイ外伝
601,母をたずねて三千里
602,マッハGoGoGo
603,マッハGoGoGo
604,マッハGoGoGo
605,マッハGoGoGo
606,マッハGoGoGo
607,銀河鉄道999
608,新・エースをねらえ！
609,新・エースをねらえ！
610,新・エースをねらえ！
611,サスケ
612,ベルサイユのばら
613,あらいぐまラスカル
614,天歌奏流-TENKASOUL-
615,天歌奏流-TENKASOUL-
616,天歌奏流-TENKASOUL-
617,フランダースの犬
618,海のトリトン
619,スーパーロボット大戦 ORIGINAL GENERATION THE ANIMATION
620,母をたずねて三千里
621,母をたずねて三千里
622,母をたずねて三千里
623,母をたずねて三千里
624,母をたずねて三千里
625,母をたずねて三千里
626,赤毛のアン
627,勇者ライディーン
628,アルプスの少女ハイジ
629,アルプスの少女ハイジ
630,アルプスの少女ハイジ
631,アルプスの少女ハイジ
632,アルプスの少女ハイジ
633,アルプスの少女ハイジ
634,アルプスの少女ハイジ
635,アルプスの少女ハイジ
636,アルプスの少女ハイジ
