id,title,url
ナースウィッチ小麦ちゃんマジカルて,https://cs1.anime.dmkt-sp.jp/anime_kv/img/10/19/9/10199_1_9_8b.png?1551181057000
ふぉうちゅんドッグす,https://cs1.anime.dmkt-sp.jp/anime_kv/img/10/28/5/10285_1_9_8b.png?1551174038000
プリンセスチュチュ,https://cs1.anime.dmkt-sp.jp/anime_kv/img/10/11/9/10119_1_9_8b.png?1551176859000
円盤皇女ワるきゅーレ,https://cs1.anime.dmkt-sp.jp/anime_kv/img/10/16/8/10168_1_9_8b.png?1551175888000
灰羽連盟,https://cs1.anime.dmkt-sp.jp/anime_kv/img/23/26/4/23264_1_9_8b.png?1582249065000
超重神グラヴィオン,https://cs1.anime.dmkt-sp.jp/anime_kv/img/10/03/9/10039_1_9_8b.png?1551180636000
BLUE GENDER THE WARRIOR,https://cs1.anime.dmkt-sp.jp/anime_kv/img/11/31/9/11319_1_9_8b.png?1552447387000
ガラクタ通りのステイン,https://cs1.anime.dmkt-sp.jp/anime_kv/img/20/00/2/20002_1_9_8b.png?1551420210000
バロムワン,https://cs1.anime.dmkt-sp.jp/anime_kv/img/10/28/3/10283_1_9_8b.png?1551181045000
花田少年史,https://cs1.anime.dmkt-sp.jp/anime_kv/img/21/67/8/21678_1_9_8b.png?1551269340000
デジモンアドベンチャー02 ディアボロモンの逆襲,https://cs1.anime.dmkt-sp.jp/anime_kv/img/20/62/3/20623_1_9_8b.png?1579231917000
も～っと！おジャ魔女どれみ,https://cs1.anime.dmkt-sp.jp/anime_kv/img/22/78/5/22785_1_9_8b.png?1558084027000
冥王計画ゼオライマー,https://cs1.anime.dmkt-sp.jp/anime_kv/img/11/32/7/11327_1_9_8b.png?1552446641000
新白雪姫伝説プリーティア,https://cs1.anime.dmkt-sp.jp/anime_kv/img/10/59/4/10594_1_9_8b.png?1551178619000
学園戦記ムリョウ,https://cs1.anime.dmkt-sp.jp/anime_kv/img/11/03/5/11035_1_9_8b.png?1551179614000
R.O.D -READ OR DIE-,https://cs1.anime.dmkt-sp.jp/anime_kv/img/10/38/1/10381_1_9_8b.png?1581487207000
デジモンテイマーズ,https://cs1.anime.dmkt-sp.jp/anime_kv/img/24/40/0/24400_1_9_8b.png?1606791605000
メトロポリス,https://cs1.anime.dmkt-sp.jp/anime_kv/img/10/93/3/10933_1_9_8b.png?1551423621000
エイリアン9,https://cs1.anime.dmkt-sp.jp/anime_kv/img/11/42/9/11429_1_9_8b.png?1552445111000
ジャングルはいつもハレのちグゥ,https://cs1.anime.dmkt-sp.jp/anime_kv/img/11/29/3/11293_1_9_8b.png?1552445153000
デジモンテイマーズ 冒険者たちの戦い,https://cs1.anime.dmkt-sp.jp/anime_kv/img/20/62/4/20624_1_9_8b.png?1579232007000
あぃまぃみぃ！ストロベリー・エッグ,https://cs1.anime.dmkt-sp.jp/anime_kv/img/23/26/5/23265_1_9_8b.png?1582249477000
スクライド,https://cs1.anime.dmkt-sp.jp/anime_kv/img/11/28/3/11283_1_9_8b.png?1551182930000
コスモウォーリアー零,https://cs1.anime.dmkt-sp.jp/anime_kv/img/10/23/0/10230_1_9_8b.png?1551176693000
テニスの王子様,https://cs1.anime.dmkt-sp.jp/anime_kv/img/22/39/0/22390_1_9_8b.png?1551353056000
ココロ図書館,https://cs1.anime.dmkt-sp.jp/anime_kv/img/10/22/3/10223_1_9_8b.png?1551177002000
しあわせソウのオコジョさん,https://cs1.anime.dmkt-sp.jp/anime_kv/img/24/01/5/24015_1_9_8b.png?1597827655000
シックス・エンジェルズ,https://cs1.anime.dmkt-sp.jp/anime_kv/img/10/25/1/10251_1_9_8b.png?1551183711000
ヒカルの碁,https://cs1.anime.dmkt-sp.jp/anime_kv/img/10/67/4/10674_1_9_8b.png?1551420420000
キャプテン翼,https://cs1.anime.dmkt-sp.jp/anime_kv/img/22/11/0/22110_1_9_8b.png?1551353484000
よばれてとびでて！アクビちゃん,https://cs1.anime.dmkt-sp.jp/anime_kv/img/20/03/3/20033_1_9_8b.png?1580259664000
魔法遊戯 飛び出す!!ハナマル大冒険,https://cs1.anime.dmkt-sp.jp/anime_kv/img/10/49/2/10492_1_9_8b.png?1551173845000
マイアミ☆ガンズ,https://cs1.anime.dmkt-sp.jp/anime_kv/img/24/25/8/24258_1_9_8b.png?1601026229000
ラブひな,https://cs1.anime.dmkt-sp.jp/anime_kv/img/20/42/6/20426_1_9_8b.png?1551261980000
フリクリ,https://cs1.anime.dmkt-sp.jp/anime_kv/img/10/62/4/10624_1_9_8b.png?1551184526000
デジモンアドベンチャー02,https://cs1.anime.dmkt-sp.jp/anime_kv/img/20/90/5/20905_1_9_8b.png?1551263483000
銀装騎攻オーディアン,https://cs1.anime.dmkt-sp.jp/anime_kv/img/10/83/2/10832_1_9_8b.png?1551179745000
ゲートキーパーズ,https://cs1.anime.dmkt-sp.jp/anime_kv/img/10/02/0/10020_1_9_8b.png?1551180592000
Refrain Blue,https://cs1.anime.dmkt-sp.jp/anime_kv/img/10/89/6/10896_1_9_8b.png?1551179937000
伝心 まもって守護月天！,https://cs1.anime.dmkt-sp.jp/anime_kv/img/24/52/0/24520_1_9_8b.png?1612857847000
HAND MAID メイ,https://cs1.anime.dmkt-sp.jp/anime_kv/img/23/25/0/23250_1_9_8b.png?1581305473000
ヴァンドレッド,https://cs1.anime.dmkt-sp.jp/anime_kv/img/10/59/9/10599_1_9_8b.png?1551178010000
はじめの一歩,https://cs1.anime.dmkt-sp.jp/anime_kv/img/20/70/9/20709_1_9_8b.png?1551421964000
GEAR戦士電童,https://cs1.anime.dmkt-sp.jp/anime_kv/img/20/47/0/20470_1_9_8b.png?1552445237000
BLOOD THE LAST VAMPIRE,https://cs1.anime.dmkt-sp.jp/anime_kv/img/10/29/0/10290_1_9_8b.png?1581917468000
闇の末裔,https://cs1.anime.dmkt-sp.jp/anime_kv/img/23/14/2/23142_1_9_8b.png?1575531008000
劇場版 デジモンアドベンチャー,https://cs1.anime.dmkt-sp.jp/anime_kv/img/20/41/9/20419_1_9_8b.png?1551423412000
逮捕しちゃうぞ Special,https://cs1.anime.dmkt-sp.jp/anime_kv/img/23/61/9/23619_1_9_8b.png?1586914208000
デジモンアドベンチャー,https://cs1.anime.dmkt-sp.jp/anime_kv/img/20/35/6/20356_1_9_8b.png?1551265503000
火魅子伝,https://cs1.anime.dmkt-sp.jp/anime_kv/img/10/77/8/10778_1_9_8b.png?1551177270000
おジャ魔女どれみ,https://cs1.anime.dmkt-sp.jp/anime_kv/img/22/62/6/22626_1_9_8b.png?1550739956000
デュアル！ぱられルンルン物語,https://cs1.anime.dmkt-sp.jp/anime_kv/img/23/27/5/23275_1_9_8b.png?1582249617000
A.D.POLICE,https://cs1.anime.dmkt-sp.jp/anime_kv/img/11/05/9/11059_1_9_8b.png?1552445566000
GTO,https://cs1.anime.dmkt-sp.jp/anime_kv/img/21/30/9/21309_1_9_8b.png?1551262897000
D4プリンセス,https://cs1.anime.dmkt-sp.jp/anime_kv/img/10/67/8/10678_1_9_8b.png?1551179194000
キョロちゃん,https://cs1.anime.dmkt-sp.jp/anime_kv/img/22/90/7/22907_1_9_8b.png?1563242433000
少女革命ウテナ アドゥレセンス黙示録,https://cs1.anime.dmkt-sp.jp/anime_kv/img/23/58/9/23589_1_9_8b.png?1583303460000
超神姫ダンガイザー3,https://cs1.anime.dmkt-sp.jp/anime_kv/img/10/83/1/10831_1_3.png?1551184179000
アキハバラ電脳組 2011年の夏休み,https://cs1.anime.dmkt-sp.jp/anime_kv/img/23/59/2/23592_1_9_8b.png?1583303407000
サクラ大戦 ～轟華絢爛～,https://cs1.anime.dmkt-sp.jp/anime_kv/img/11/09/4/11094_1_9_8b.png?1552445142000
BLUE GENDER,https://cs1.anime.dmkt-sp.jp/anime_kv/img/11/32/0/11320_1_9_8b.png?1552445892000
レレレの天才バカボン,https://cs1.anime.dmkt-sp.jp/anime_kv/img/22/28/6/22286_1_9_8b.png?1551353730000
HUNTER×HUNTER,https://cs1.anime.dmkt-sp.jp/anime_kv/img/20/49/8/20498_1_3.png?1567564208000
今、そこにいる僕,https://cs1.anime.dmkt-sp.jp/anime_kv/img/23/27/1/23271_1_9_8b.png?1582249108000
人形草紙あやつり左近,https://cs1.anime.dmkt-sp.jp/anime_kv/img/23/73/9/23739_1_9_8b.png?1584604921000
サイボーグクロちゃん,https://cs1.anime.dmkt-sp.jp/anime_kv/img/20/60/7/20607_1_9_8b.png?1551266696000
地球防衛企業ダイ・ガード,https://cs1.anime.dmkt-sp.jp/anime_kv/img/11/40/7/11407_1_9_8b.png?1551176498000
ごぞんじ！月光仮面くん,https://cs1.anime.dmkt-sp.jp/anime_kv/img/23/37/6/23376_1_9_8b.png?1582249170000
異次元の世界エルハザード,https://cs1.anime.dmkt-sp.jp/anime_kv/img/23/27/4/23274_1_9_8b.png?1582249262000
ブレンパワード,https://cs1.anime.dmkt-sp.jp/anime_kv/img/22/23/6/22236_1_9_8b.png?1551346860000
プリンセスナイン 如月女子高野球部,https://cs1.anime.dmkt-sp.jp/anime_kv/img/11/03/9/11039_1_9_8b.png?1551175344000
serial experiments lain,https://cs1.anime.dmkt-sp.jp/anime_kv/img/23/27/2/23272_1_9_8b.png?1582249452000
Night Walker -真夜中の探偵-,https://cs1.anime.dmkt-sp.jp/anime_kv/img/11/07/4/11074_1_9_8b.png?1552444524000
ジェネレイターガウル,https://cs1.anime.dmkt-sp.jp/anime_kv/img/20/03/1/20031_1_9_8b.png?1582799436000
彼氏彼女の事情,https://cs1.anime.dmkt-sp.jp/anime_kv/img/11/55/3/11553_1_9_8b.png?1551180100000
聖ルミナス女学院,https://cs1.anime.dmkt-sp.jp/anime_kv/img/23/27/3/23273_1_9_8b.png?1582248934000
デビルマンレディー,https://cs1.anime.dmkt-sp.jp/anime_kv/img/23/37/7/23377_1_9_8b.png?1583314207000
EAT-MAN,https://cs1.anime.dmkt-sp.jp/anime_kv/img/11/06/0/11060_1_9_8b.png?1552447704000
勇者王ガオガイガー,https://cs1.anime.dmkt-sp.jp/anime_kv/img/21/99/1/21991_1_9_8b.png?1551352692000
少女革命ウテナ,https://cs1.anime.dmkt-sp.jp/anime_kv/img/22/03/5/22035_1_9_8b.png?1551353856000
永久家族,https://cs1.anime.dmkt-sp.jp/anime_kv/img/23/92/8/23928_1_9_8b.png?1586156459000
白鯨伝説,https://cs1.anime.dmkt-sp.jp/anime_kv/img/10/92/1/10921_1_9_8b.png?1551176253000
中華一番！,https://cs1.anime.dmkt-sp.jp/anime_kv/img/11/52/7/11527_1_9_8b.png?1552446545000
HAUNTEDじゃんくしょん,https://cs1.anime.dmkt-sp.jp/anime_kv/img/11/04/0/11040_1_9_8b.png?1552446141000
はれときどきぶた,https://cs1.anime.dmkt-sp.jp/anime_kv/img/23/72/4/23724_1_9_8b.png?1589178979000
竜機伝承,https://cs1.anime.dmkt-sp.jp/anime_kv/img/11/04/2/11042_1_9_8b.png?1551420198000
忍ペンまん丸,https://cs1.anime.dmkt-sp.jp/anime_kv/img/23/40/3/23403_1_9_8b.png?1580193073000
ビーストウォーズ　超生命体トランスフォーマー,https://cs1.anime.dmkt-sp.jp/anime_kv/img/11/38/6/11386_1_9_8b.png?1551422986000
サクラ大戦 ～桜華絢爛～,https://cs1.anime.dmkt-sp.jp/anime_kv/img/11/09/3/11093_1_9_8b.png?1552445299000
Ninja者,https://cs1.anime.dmkt-sp.jp/anime_kv/img/11/32/5/11325_1_9_8b.png?1552447612000
美少女戦士セーラームーン セーラースターズ,https://cs1.anime.dmkt-sp.jp/anime_kv/img/24/43/4/24434_1_9_8b.png?1607059877000
名犬ラッシー,https://cs1.anime.dmkt-sp.jp/anime_kv/img/20/25/3/20253_1_9_8b.png?1551181903000
シンデレラ物語,https://cs1.anime.dmkt-sp.jp/anime_kv/img/23/49/4/23494_1_9_8b.png?1587713408000
スレイヤーズNEXT,https://cs1.anime.dmkt-sp.jp/anime_kv/img/10/27/7/10277_1_9_8b.png?1551421803000
こどものおもちゃ,https://cs1.anime.dmkt-sp.jp/anime_kv/img/20/27/6/20276_1_9_8b.png?1551183985000
地獄先生ぬ～べ～,https://cs1.anime.dmkt-sp.jp/anime_kv/img/21/58/1/21581_1_9_8b.png?1551266654000
家なき子レミ,https://cs1.anime.dmkt-sp.jp/anime_kv/img/20/25/4/20254_1_9_8b.png?1551175484000
新破裏拳ポリマー,https://cs1.anime.dmkt-sp.jp/anime_kv/img/20/03/4/20034_1_9_8b.png?1582799717000
機動戦艦ナデシコ,https://cs1.anime.dmkt-sp.jp/anime_kv/img/10/40/2/10402_1_9_8b.png?1551420259000
パンツァードラグーン,https://cs1.anime.dmkt-sp.jp/anime_kv/img/11/10/8/11108_1_9_8b.png?1552446683000
ロミオの青い空,https://cs1.anime.dmkt-sp.jp/anime_kv/img/20/19/9/20199_1_9_8b.png?1551176597000
美少女戦士セーラームーンSuperS,https://cs1.anime.dmkt-sp.jp/anime_kv/img/24/43/3/24433_1_9_8b.png?1607059855000
不思議の国の美幸ちゃん,https://cs1.anime.dmkt-sp.jp/anime_kv/img/10/23/8/10238_1_9_8b.png?1551422550000
スレイヤーズ,https://cs1.anime.dmkt-sp.jp/anime_kv/img/10/23/9/10239_1_9_8b.png?1551177024000
行け！稲中卓球部,https://cs1.anime.dmkt-sp.jp/anime_kv/img/22/16/2/22162_1_9_8b.png?1551353909000
アイドルプロジェクト,https://cs1.anime.dmkt-sp.jp/anime_kv/img/10/89/7/10897_1_9_8b.png?1551181265000
ママはぽよぽよザウルスがお好き,https://cs1.anime.dmkt-sp.jp/anime_kv/img/22/46/9/22469_1_9_8b.png?1551353123000
怪盗セイント・テール,https://cs1.anime.dmkt-sp.jp/anime_kv/img/11/39/9/11399_1_9_8b.png?1579249840000
バーチャファイター,https://cs1.anime.dmkt-sp.jp/anime_kv/img/23/37/5/23375_1_9_8b.png?1582249350000
七つの海のティコ,https://cs1.anime.dmkt-sp.jp/anime_kv/img/20/25/2/20252_1_3.png?1551181880000
美少女戦士セーラームーンS,https://cs1.anime.dmkt-sp.jp/anime_kv/img/24/43/2/24432_1_9_8b.png?1607059834000
レッドバロン,https://cs1.anime.dmkt-sp.jp/anime_kv/img/23/37/4/23374_1_9_8b.png?1582249578000
白雪姫の伝説,https://cs1.anime.dmkt-sp.jp/anime_kv/img/23/29/7/23297_1_9_8b.png?1580452637000
マップス,https://cs1.anime.dmkt-sp.jp/anime_kv/img/10/27/0/10270_1_9_8b.png?1551174896000
魔法陣グルグル,https://cs1.anime.dmkt-sp.jp/anime_kv/img/21/67/7/21677_1_9_8b.png?1551420614000
魔法騎士レイアース,https://cs1.anime.dmkt-sp.jp/anime_kv/img/10/79/5/10795_1_9_8b.png?1551423751000
おいら宇宙の探鉱夫,https://cs1.anime.dmkt-sp.jp/anime_kv/img/10/27/1/10271_1_9_8b.png?1551179488000
無責任艦長タイラー,https://cs1.anime.dmkt-sp.jp/anime_kv/img/21/30/5/21305_1_9_8b.png?1551262380000
美少女戦士セーラームーンR,https://cs1.anime.dmkt-sp.jp/anime_kv/img/24/43/1/24431_1_9_8b.png?1607059806000
ジャングルの王者ターちゃん,https://cs1.anime.dmkt-sp.jp/anime_kv/img/20/93/7/20937_1_9_8b.png?1551267550000
タイムボカン王道復古,https://cs1.anime.dmkt-sp.jp/anime_kv/img/23/49/6/23496_1_9_8b.png?1584937808000
超音戦士ボーグマン2 -新世紀2058-,https://cs1.anime.dmkt-sp.jp/anime_kv/img/10/63/6/10636_1_9_8b.png?1551422394000
ぼくの地球を守って,https://cs1.anime.dmkt-sp.jp/anime_kv/img/10/22/4/10224_1_3.png?1551183158000
宇宙の騎士テッカマンブレード,https://cs1.anime.dmkt-sp.jp/anime_kv/img/11/14/4/11144_1_9_8b.png?1551181824000
美少女戦士セーラームーン,https://cs1.anime.dmkt-sp.jp/anime_kv/img/11/41/3/11413_1_9_8b.png?1583915455000
クッキングパパ,https://cs1.anime.dmkt-sp.jp/anime_kv/img/11/47/3/11473_1_9_8b.png?1552446072000
今日から俺は!!,https://cs1.anime.dmkt-sp.jp/anime_kv/img/23/98/6/23986_1_9_8b.png?1592269251000
あしたへフリーキック,https://cs1.anime.dmkt-sp.jp/anime_kv/img/10/41/7/10417_1_9_8b.png?1551179105000
創世機士ガイアース,https://cs1.anime.dmkt-sp.jp/anime_kv/img/10/82/3/10823_1_9_8b.png?1552446102000
うしおととら,https://cs1.anime.dmkt-sp.jp/anime_kv/img/22/00/0/22000_1_3.png?1551352138000
スーパーヅガン,https://cs1.anime.dmkt-sp.jp/anime_kv/img/10/62/2/10622_1_9_8b.png?1551177375000
姫ちゃんのリボン,https://cs1.anime.dmkt-sp.jp/anime_kv/img/22/80/8/22808_1_9_8b.png?1559887312000
みかん絵日記,https://cs1.anime.dmkt-sp.jp/anime_kv/img/11/52/9/11529_1_9_8b.png?1551183538000
南国少年パプワくん,https://cs1.anime.dmkt-sp.jp/anime_kv/img/11/07/5/11075_1_9_8b.png?1552447468000
ジャンケンマン,https://cs1.anime.dmkt-sp.jp/anime_kv/img/10/41/9/10419_1_9_8b.png?1551183867000
シティーハンター'91,https://cs1.anime.dmkt-sp.jp/anime_kv/img/21/70/8/21708_1_9_8b.png?1551270715000
ハイスクールミステリー学園七不思議,https://cs1.anime.dmkt-sp.jp/anime_kv/img/21/67/2/21672_1_9_8b.png?1551270356000
ガンバとカワウソの冒険,https://cs1.anime.dmkt-sp.jp/anime_kv/img/23/33/1/23331_1_9_8b.png?1580452519000
ここはグリーン・ウッド,https://cs1.anime.dmkt-sp.jp/anime_kv/img/10/31/1/10311_1_9_8b.png?1551181722000
ドラゴンクエスト ダイの大冒険,https://cs1.anime.dmkt-sp.jp/anime_kv/img/24/24/1/24241_1_9_8b.png?1603861307000
トラップ一家物語,https://cs1.anime.dmkt-sp.jp/anime_kv/img/20/24/9/20249_1_9_8b.png?1551173439000
太陽の勇者ファイバード,https://cs1.anime.dmkt-sp.jp/anime_kv/img/11/41/5/11415_1_9_8b.png?1551184168000
きんぎょ注意報！,https://cs1.anime.dmkt-sp.jp/anime_kv/img/23/08/5/23085_1_9_8b.png?1574411407000
緊急発進セイバーキッズ,https://cs1.anime.dmkt-sp.jp/anime_kv/img/23/37/2/23372_1_9_8b.png?1582680705000
新世紀GPXサイバーフォーミュラ,https://cs1.anime.dmkt-sp.jp/anime_kv/img/11/21/9/11219_1_9_8b.png?1551179204000
私のあしながおじさん,https://cs1.anime.dmkt-sp.jp/anime_kv/img/20/24/8/20248_1_9_8b.png?1551174695000
キャッ党忍伝てやんでえ,https://cs1.anime.dmkt-sp.jp/anime_kv/img/23/49/8/23498_1_9_8b.png?1588215608000
平成天才バカボン,https://cs1.anime.dmkt-sp.jp/anime_kv/img/20/13/7/20137_1_9_8b.png?1551349280000
ガタピシ,https://cs1.anime.dmkt-sp.jp/anime_kv/img/24/50/2/24502_1_9_8b.png?1611126213000
NG騎士ラムネ&40,https://cs1.anime.dmkt-sp.jp/anime_kv/img/10/13/5/10135_1_9_8b.png?1551177458000
ロードス島戦記,https://cs1.anime.dmkt-sp.jp/anime_kv/img/10/05/7/10057_1_9_8b.png?1551182349000
魔法のエンジェル スイートミント,https://cs1.anime.dmkt-sp.jp/anime_kv/img/10/42/0/10420_1_9_8b.png?1551178597000
三つ目がとおる,https://cs1.anime.dmkt-sp.jp/anime_kv/img/10/91/9/10919_1_9_8b.png?1551423536000
ピーターパンの冒険,https://cs1.anime.dmkt-sp.jp/anime_kv/img/20/19/8/20198_1_9_8b.png?1551177917000
おぼっちゃまくん,https://cs1.anime.dmkt-sp.jp/anime_kv/img/11/09/0/11090_1_9_8b.png?1551423261000
ヴイナス戦記,https://cs1.anime.dmkt-sp.jp/anime_kv/img/23/98/3/23983_1_9_8b.png?1589879060000
悪魔くん,https://cs1.anime.dmkt-sp.jp/anime_kv/img/23/08/9/23089_1_9_8b.png?1574411486000
青いブリンク,https://cs1.anime.dmkt-sp.jp/anime_kv/img/24/08/2/24082_1_9_8b.png?1596072608000
ビリ犬なんでも商会,https://cs1.anime.dmkt-sp.jp/anime_kv/img/23/30/6/23306_1_9_8b.png?1579846078000
シティーハンター3,https://cs1.anime.dmkt-sp.jp/anime_kv/img/21/70/7/21707_1_9_8b.png?1551267669000
つるピカハゲ丸くん,https://cs1.anime.dmkt-sp.jp/anime_kv/img/11/29/2/11292_1_9_8b.png?1551423023000
キテレツ大百科,https://cs1.anime.dmkt-sp.jp/anime_kv/img/22/00/6/22006_1_9_8b.png?1551348305000
小公子セディ,https://cs1.anime.dmkt-sp.jp/anime_kv/img/20/18/6/20186_1_9_8b.png?1551421280000
シティーハンター2,https://cs1.anime.dmkt-sp.jp/anime_kv/img/20/15/7/20157_1_9_8b.png?1551183322000
魔神英雄伝ワタル,https://cs1.anime.dmkt-sp.jp/anime_kv/img/11/27/1/11271_1_9_8b.png?1551184581000
ビリ犬,https://cs1.anime.dmkt-sp.jp/anime_kv/img/23/30/5/23305_1_9_8b.png?1579846134000
トップをねらえ！,https://cs1.anime.dmkt-sp.jp/anime_kv/img/22/19/5/22195_1_9_8b.png?1551354147000
名門！第三野球部,https://cs1.anime.dmkt-sp.jp/anime_kv/img/20/90/8/20908_1_9_8b.png?1591867896000
バブルガムクライシス,https://cs1.anime.dmkt-sp.jp/anime_kv/img/11/32/6/11326_1_9_8b.png?1552445832000
王立宇宙軍 オネアミスの翼,https://cs1.anime.dmkt-sp.jp/anime_kv/img/24/46/7/24467_1_9_8b.png?1607994160000
機甲戦記ドラグナー,https://cs1.anime.dmkt-sp.jp/anime_kv/img/20/49/0/20490_1_9_8b.png?1551270423000
愛の若草物語,https://cs1.anime.dmkt-sp.jp/anime_kv/img/20/19/7/20197_1_9_8b.png?1551176433000
ウルトラB,https://cs1.anime.dmkt-sp.jp/anime_kv/img/23/30/4/23304_1_9_8b.png?1579845783000
赤い光弾ジリオン,https://cs1.anime.dmkt-sp.jp/anime_kv/img/23/49/9/23499_1_9_8b.png?1587704496000
シティーハンター,https://cs1.anime.dmkt-sp.jp/anime_kv/img/20/01/7/20017_1_9_8b.png?1552444938000
破邪大星ダンガイオー,https://cs1.anime.dmkt-sp.jp/anime_kv/img/10/82/9/10829_1_3.png?1552445862000
メタルスキンパニック MADOX-01,https://cs1.anime.dmkt-sp.jp/anime_kv/img/10/25/2/10252_1_9_8b.png?1551423701000
ミスター味っ子,https://cs1.anime.dmkt-sp.jp/anime_kv/img/21/43/5/21435_1_9_8b.png?1551261378000
ビックリマン,https://cs1.anime.dmkt-sp.jp/anime_kv/img/23/08/7/23087_1_9_8b.png?1574411438000
ついでにとんちんかん,https://cs1.anime.dmkt-sp.jp/anime_kv/img/20/46/2/20462_1_9_8b.png?1551262563000
愛少女ポリアンナ物語,https://cs1.anime.dmkt-sp.jp/anime_kv/img/20/18/5/20185_1_9_8b.png?1551176332000
宇宙船サジタリウス,https://cs1.anime.dmkt-sp.jp/anime_kv/img/11/52/6/11526_1_9_8b.png?1551176456000
はだしのゲン2,https://cs1.anime.dmkt-sp.jp/anime_kv/img/21/88/1/21881_1_9_8b.png?1551346839000
マシンロボ クロノスの大逆襲,https://cs1.anime.dmkt-sp.jp/anime_kv/img/10/42/4/10424_1_9_8b.png?1551423087000
聖闘士星矢,https://cs1.anime.dmkt-sp.jp/anime_kv/img/11/31/8/11318_1_9_8b.png?1581309036000
ボスコアドベンチャー,https://cs1.anime.dmkt-sp.jp/anime_kv/img/23/52/6/23526_1_9_8b.png?1580891822000
ドテラマン,https://cs1.anime.dmkt-sp.jp/anime_kv/img/11/36/1/11361_1_9_8b.png?1582853408000
Bugってハニー,https://cs1.anime.dmkt-sp.jp/anime_kv/img/23/37/1/23371_1_9_8b.png?1582680755000
カムイの剣,https://cs1.anime.dmkt-sp.jp/anime_kv/img/10/06/2/10062_1_9_8b.png?1551179687000
小公女セーラ,https://cs1.anime.dmkt-sp.jp/anime_kv/img/20/24/5/20245_1_9_8b.png?1551181700000
プロゴルファー猿,https://cs1.anime.dmkt-sp.jp/anime_kv/img/11/09/9/11099_1_9_8b.png?1551182638000
宗谷物語,https://cs1.anime.dmkt-sp.jp/anime_kv/img/22/38/0/22380_1_9_8b.png?1551354452000
重戦機エルガイム,https://cs1.anime.dmkt-sp.jp/anime_kv/img/21/99/6/21996_1_9_8b.png?1551347012000
超攻速ガルビオン,https://cs1.anime.dmkt-sp.jp/anime_kv/img/20/59/1/20591_1_9_8b.png?1551259878000
牧場の少女カトリ,https://cs1.anime.dmkt-sp.jp/anime_kv/img/20/19/6/20196_1_9_8b.png?1551174852000
パーマン「バード星への道」,https://cs1.anime.dmkt-sp.jp/anime_kv/img/23/39/9/23399_1_9_8b.png?1579846154000
ゴッドマジンガー,https://cs1.anime.dmkt-sp.jp/anime_kv/img/23/36/9/23369_1_9_8b.png?1582249287000
巨神ゴーグ,https://cs1.anime.dmkt-sp.jp/anime_kv/img/20/01/5/20015_1_9_8b.png?1577167364000
よろしくメカドック,https://cs1.anime.dmkt-sp.jp/anime_kv/img/10/74/0/10740_1_9_8b.png?1551181915000
名探偵ホームズ,https://cs1.anime.dmkt-sp.jp/anime_kv/img/10/31/0/10310_1_9_8b.png?1580175074000
パーマン「コピーワールドの謎」,https://cs1.anime.dmkt-sp.jp/anime_kv/img/23/39/8/23398_1_9_8b.png?1579846099000
亜空大作戦スラングル,https://cs1.anime.dmkt-sp.jp/anime_kv/img/20/71/0/20710_1_9_8b.png?1551270303000
聖戦士ダンバイン,https://cs1.anime.dmkt-sp.jp/anime_kv/img/11/41/6/11416_1_9_8b.png?1551422502000
未来警察ウラシマン,https://cs1.anime.dmkt-sp.jp/anime_kv/img/21/27/6/21276_1_9_8b.png?1551423917000
銀河疾風サスライガー,https://cs1.anime.dmkt-sp.jp/anime_kv/img/20/50/4/20504_1_9_8b.png?1551270863000
キン肉マン,https://cs1.anime.dmkt-sp.jp/anime_kv/img/11/25/3/11253_1_9_8b.png?1574845207000
魔法の天使 クリィミーマミ,https://cs1.anime.dmkt-sp.jp/anime_kv/img/11/06/2/11062_1_9_8b.png?1596182408000
はだしのゲン,https://cs1.anime.dmkt-sp.jp/anime_kv/img/21/88/0/21880_1_9_8b.png?1551346321000
機甲創世記モスピーダ,https://cs1.anime.dmkt-sp.jp/anime_kv/img/10/89/5/10895_1_9_8b.png?1551184133000
特装機兵ドルバック,https://cs1.anime.dmkt-sp.jp/anime_kv/img/10/42/5/10425_1_9_8b.png?1551178788000
ふしぎの国のアリス,https://cs1.anime.dmkt-sp.jp/anime_kv/img/24/05/5/24055_1_9_8b.png?1594954992000
南の虹のルーシー,https://cs1.anime.dmkt-sp.jp/anime_kv/img/20/19/3/20193_1_9_8b.png?1551179434000
魔法のプリンセス ミンキーモモ,https://cs1.anime.dmkt-sp.jp/anime_kv/img/10/20/5/10205_1_9_8b.png?1551177301000
ゲームセンターあらし,https://cs1.anime.dmkt-sp.jp/anime_kv/img/11/29/4/11294_1_9_8b.png?1551174674000
魔境伝説アクロバンチ,https://cs1.anime.dmkt-sp.jp/anime_kv/img/20/59/0/20590_1_9_8b.png?1551265837000
銀河烈風バクシンガー,https://cs1.anime.dmkt-sp.jp/anime_kv/img/20/47/5/20475_1_9_8b.png?1551265922000
超時空要塞マクロス,https://cs1.anime.dmkt-sp.jp/anime_kv/img/20/62/6/20626_1_9_8b.png?1551267489000
ときめきトゥナイト,https://cs1.anime.dmkt-sp.jp/anime_kv/img/22/97/5/22975_1_9_8b.png?1566887424000
スペースコブラ,https://cs1.anime.dmkt-sp.jp/anime_kv/img/10/30/6/10306_1_9_8b.png?1551175912000
おはよう！スパンク,https://cs1.anime.dmkt-sp.jp/anime_kv/img/23/91/0/23910_1_9_8b.png?1584937997000
黄金戦士ゴールドライタン,https://cs1.anime.dmkt-sp.jp/anime_kv/img/20/03/6/20036_1_9_8b.png?1580259640000
忍者ハットリくん,https://cs1.anime.dmkt-sp.jp/anime_kv/img/11/10/0/11100_1_9_8b.png?1551183348000
さよなら銀河鉄道999 アンドロメダ終着駅,https://cs1.anime.dmkt-sp.jp/anime_kv/img/23/22/7/23227_1_9_8b.png?1582612290000
じゃりン子チエ,https://cs1.anime.dmkt-sp.jp/anime_kv/img/11/55/8/11558_1_9_8b.png?1551179948000
六神合体ゴッドマーズ,https://cs1.anime.dmkt-sp.jp/anime_kv/img/23/36/7/23367_1_9_8b.png?1583404236000
銀河旋風ブライガー,https://cs1.anime.dmkt-sp.jp/anime_kv/img/20/47/4/20474_1_9_8b.png?1551260088000
太陽の牙ダグラム,https://cs1.anime.dmkt-sp.jp/anime_kv/img/11/28/2/11282_1_9_8b.png?1552447510000
新・ど根性ガエル,https://cs1.anime.dmkt-sp.jp/anime_kv/img/23/35/9/23359_1_9_8b.png?1580452706000
まいっちんぐマチコ先生,https://cs1.anime.dmkt-sp.jp/anime_kv/img/11/50/8/11508_1_9_8b.png?1552445556000
トム・ソーヤーの冒険,https://cs1.anime.dmkt-sp.jp/anime_kv/img/20/24/6/20246_1_9_8b.png?1551178292000
ニルスのふしぎな旅,https://cs1.anime.dmkt-sp.jp/anime_kv/img/11/53/2/11532_1_9_8b.png?1552444500000
ムーの白鯨,https://cs1.anime.dmkt-sp.jp/anime_kv/img/23/36/5/23365_1_9_8b.png?1583404207000
サイボーグ009 超銀河伝説,https://cs1.anime.dmkt-sp.jp/anime_kv/img/23/57/6/23576_1_9_8b.png?1582612239000
鉄腕アトム（1980）,https://cs1.anime.dmkt-sp.jp/anime_kv/img/10/91/8/10918_1_9_8b.png?1551182492000
爆丸ジオガンライジング,https://cs1.anime.dmkt-sp.jp/anime_kv/img/24/53/9/24539_1_9_8b.png?1615950383000