4459,灼眼のシャナⅡ,バル・マスケとの戦いを終え、平和を取り戻した御崎市。シャナと悠二は町にとどまり、穏やかな日々を過ごす。だが、悠二を、宝具｢零時迷子｣を狙い新たな“徒”が現れる……。,恋愛/ラブコメ,"[""[キャスト]"", ""シャナ: 釘宮理恵／坂井悠二: 日野 聡／アラストール: 江原正士／吉田一美: 川澄綾子／マージョリー・ドー: 生天目仁美／マルコシアス: 岩田光央／ヴィルヘルミナ・カルメル: 伊藤 静／ティアマトー: 渡辺明乃／坂井千草: 櫻井 智／池 速人: 野島裕史／佐藤啓作: 野島健児／田中栄太: 近藤孝行／緒方真竹: 小林由美子／ダンタリオン: 飛田展男／シュドナイ: 三宅健太／ベルペオル: 大原さやか／ヘカテー: 能登麻美子"", ""[スタッフ]"", ""原作:高橋弥七郎(電撃文庫)／イラスト:いとうのいぢ／監督:渡部高志／シリーズ構成:小林靖子／シリーズ構成協力:高橋弥七郎／キャラクターデザイン:大塚 舞／色彩設定:伊藤由紀子／美術監督:廣瀬義憲／撮影監督:福世晋吾／音響監督:明田川 仁／音楽:大谷 幸／オープニングテーマ:『JOINT』川田まみ(I’ve)／エンディングテーマ:『triangle』川田まみ(I’ve)／アニメーション制作:J.C.STAFF ／製作:『灼眼のシャナ』製作委員会"", ""[製作年]"", ""2007年"", ""(C)高橋弥七郎/いとうのいぢ/アスキー・メディアワークス/『灼眼のシャナII』製作委員会/MBS""]"
4460,東京マーブルチョコレート,物語の舞台は、ふたつのタワーがならぶ、なんだか見覚えのある町並み。その町に暮らすふたりの男の子と女の子。マジメでやさしいんだけど、少し臆病な性格のせいで彼女とうまく付き合えない悠大。元気で明るいんだけど、運が悪くドジばかりで彼氏と長続きしないチヅル。そんなふたりが初めて一緒にむかえるクリスマス。動物好きのチヅルのために悠大が用意したプレゼントはウサギ・・・のハズだったのに、プレゼントの箱の中には“ミニロバ”が入っていた!?逃げ出したミニロバ、それを追うチヅル、ひとりと1匹を見失ってしまう悠大。一緒にいるはずだった時間。伝えるはずだった大切な想い。離れてすごす時間のなかでふたりが見つける答えは・・・。　＊劇場での上映用に特別に編集されたヴァージョンになります。,恋愛/ラブコメ,"[""[キャスト]"", ""チヅル:水樹奈々／悠大:櫻井孝宏／ミニロバ:岩田光央 他"", ""[スタッフ]"", ""原作:プロダクション I.G／監督:塩谷直義／脚本:尾崎将也／キャラクターデザイン:谷川史子／作画監督:浅野恭司／美術監督:小林七郎／色彩設定:広瀬いづみ／アニメーション制作:プロダクション I.G"", ""[製作年]"", ""2007年"", ""©2007 Production I.G/東京マーブルチョコレート製作委員会""]"
4471,レンタルマギカ,ケルト魔法、陰陽道、神道、ソロモン王の魔神、密教など、古今東西に実在する魔法が激しく火花を散らす!高校生の主人公・伊庭いつきは父の遺した会社｢アストラル｣を継ぐことになるが、その会社とはお客の依頼にあった魔法使いを貸し出す｢魔法使い派遣会社｣。社員の魔法使いたちと共に数々の敵と戦ういつきの前に立ちはだかるのは---!?,アクション/バトル,"[""[製作年]"", ""2007年"", ""(C)2007 三田誠・pako／角川書店／レンタルマギカ製作委員会""]"
4487,こどものじかん,10月、秋から冬へとうつろう季節。瓜生新吾は新しい生活へ一歩を踏み出そうとしていた。自分の通う学校が同じ街の名門女子校≪結姫女子学園≫と統合するにあたって、仮統合の期間、試験的に女子校へ通うことになったのだ。新しい環境に戸惑いながらも、持ち前の前向きさと気配りで次第に信頼を得ていく新吾。そして、そんな彼と出逢う個性豊かな美少女たち。学園が変わることに反対する“理事長の娘”、兄を支え励ます“妹”、お仕えする旦那様を探す“野良メイド”、動物好きの“優しい先輩”、素直になれない“クラスメイト”…。雨が雪へと変わる頃、それぞれの想いは形となって…。恋する少年少女に贈るピュアラブストーリー。,恋愛/ラブコメ,"[""[キャスト]"", ""瓜生新吾:水島大宙／瀬名愛理:小野涼子／瓜生桜乃:後藤麻衣／アンジェ:壱智村小真／天羽みう:力丸乃りこ／乾 紗凪:吉田真弓　他"", ""[スタッフ]"", ""原作:ぱれっと／監督:菅沼栄治(『こどものじかん』『ささめきこと』)／キャラクターデザイン・総作画監督:川村敏江(『Yes! プリキュア5』『神のみぞ知るセカイ』)／アニメーション制作:マングローブ(『サムライチャンプルー』『さらい屋 五葉』)／オープニングテーマ:ちょうちょ(『神様のメモ帳』OP)／エンディングテーマ:marble(『ひだまりスケッチ』シリーズED)"", ""[製作年]"", ""2011年"", ""(C)2011 ぱれっと/結姫女子学園ぬこ部""]"
4494,ゆめだまや奇談,時は、群雄割拠の戦国時代―天下を狙うつわものたちが、全国各地で鬨を上げた。高まる乱世の機運。武将たちによって、開かれた戦端はたちまち全国を席巻し戦国の世の勢力図は、めまぐるしく塗り替えられていった。名だたる猛将達のあくなき戦いの中、天下は尾張の第六天魔王・織田信長が、手中に収めようとしていた。だが、北から蒼の装束に身を包んだ隻眼の若き武将が無数の騎馬軍団を従え、名乗りをあげた。その男は、奥州筆頭・独眼竜こと伊達政宗。狙うは信長の首、天下統一!,歴史/戦記,"[""[キャスト]"", ""伊達政宗:中井和哉／真田幸村:保志総一朗／織田信長:若本規夫／片倉小十郎:森川智之"", ""[スタッフ]"", ""原作:CAPCOM(｢戦国BASARA｣シリーズ)／原作監修:小林裕幸(CAPCOM)、山本真(CAPCOM)／監督:川崎逸朗(｢劇場版ツバサ・クロニクル 鳥カゴの国の姫君｣｢ゆめだまや奇談｣)／シリーズ構成:むとうやすゆき(｢ペルソナ~トリニティ・ソウル~｣シリーズ構成、｢シュヴァリエ｣チーフライター・脚本、｢バジリスク~甲賀忍法帖~｣シリーズ構成・脚本)／キャラクターデザイン(｢BLOOD+｣｢精霊の守り人｣｢RD 潜脳調査室｣作画監督):大久保徹／アニメーション制作:プロダクションI.G"", ""[製作年]"", ""2009年"", ""(c) CAPCOM/TEAM BASARA""]"
4509,REC,『PINE RECORDS（パインレコード）』（通称：パイレコ）に所属している千歳ハル、熊谷絵里、竜王更紗、迎桐、迎羽織、箕作沙々芽、西尾未来、雪野日陽、具志堅シュープ、金時琴子、諸岡ろろの１１人は『音楽少女』という名前のアイドルグループのメンバー。しかし『音楽少女』は全く売れていないC級アイドル。鳴かず飛ばず＆赤字を生み出すだけの『音楽少女』だが、プロデューサー池橋とメンバーは必死に頑張っていた。『音楽少女』には新メンバーが必要だと考える池橋。成功をつかむための起爆剤となるようなアイドルが！ということで、オーディションに明け暮れていた。そんなある日、『音楽少女』と主人公・はなこが出会って・・・,ドラマ/青春,"[""[キャスト]"", ""山田木はなこ:深川芹亜／箕作沙々芽:高橋花林／西尾未来:岡咲美保／雪野日陽:大野柚布子／具志堅シュープ:島袋美由利／諸岡ろろ:江口菜子／金時琴子:Lynn／迎羽織:小倉 唯／迎桐:上坂すみれ／千歳ハル:沼倉愛美／熊谷絵里:瀬戸麻沙美／竜王更紗:渕上 舞／池橋大輝:平川大輔／山田木たか:松田健一郎／山田木さち:柚木涼香"", ""[スタッフ]"", ""原作:スタジオディーン／キングレコード／監督:西本由紀夫／シリーズ構成・脚本:赤尾でこ／キャラクター原案:さんた茉莉／キャラクターデザイン:小松桃花／音楽制作:キングレコード／アニメーション制作:スタジオディーン／製作:音楽少女製作委員会"", ""[製作年]"", ""2018年"", ""©音楽少女製作委員会""]"
4511,タクティカルロア,柊ちはやは私立銘鳳学園に通う明るく元気な女子高生。ある日、ちはやは女子更衣室に忍び込んだ小動物姿のナツキを見つける。何も知らないちはやは、どこか懐かしい目をした不思議な小動物を家へ連れて帰り手当をしてあげる。グッタリとしていたナツキは次第に元気を取り戻したかと思うと、突然家を飛び出した!ちはやがナツキを追いかけていくと、そこには“種人間”と化した醜い人間の姿が…。恐ろしい怪物に挑みかかろうとするナツキをちはやが止めようとすると、ナツキの首に付いていたヘキサグラムが激しく点滅し、やがてスティックが飛び出した。ちはやがそのスティックを手にすると、光がちはやを包み魔法戦士カーマインに変身してしまう…。ナツキも魔力を回復し、少年の姿となるが、突然のことに何がなんだかわからないちはや。そうしている間にも容赦なく襲い掛かる“種人間”!!果たして、ちはやとナツキの運命は!?,アクション/バトル,"[""[キャスト]"", ""柊ちはや:広橋涼(｢カレイドスター｣(苗木野そら)、｢コヨーテラグタイムショー｣(フランカ)他)／水城さやか:水樹奈々(｢地獄少女｣(柴田つぐみ)、｢いちご100%｣(南戸唯)他)／小嶋絵美:宮崎羽衣(｢D.C.S.S.｣(アイシア)、｢RAY｣(アカリボン)他)／ナツキ:菅沼久義(｢MONSTER｣(スーク刑事)、｢タクティカルロア｣(凪宮漂介)他)／ハズナ:水島大宙(｢この醜くも美しい世界｣(竹本タケル)、｢朝霧の巫女｣(天津忠尋)他)"", ""[スタッフ]"", ""原案:テリオス(PCゲーム｢いきなりはっぴぃベル｣、｢りこりす｣他)／監督:阿部雅司(｢ブルージェンダー｣、｢TOKKO｣、｢ダ・カーポ｣演出・絵コンテ他)／キャラクターデザイン:渡辺明夫(｢ナースウィッチ小麦ちゃん｣他)・山田正樹・河野悦隆／シリーズ構成:長谷川菜穂子(｢天地無用!｣脚本、｢ああっ女神さまっ｣脚本他)／脚本:山口宏(｢青の6号｣、｢砂ぼうず｣、｢ToHeart｣他)"", ""[製作年]"", ""2004年"", ""(C)2004Terios/まじかるカナン製作委員会""]"
4530,Ergo Proxy,“死の代理人” それは、創造主が仕組んだ悪意……人とロボットが共存し“感情を必要としない楽園”ドームシティ・ロムドで起きた謎の殺人事件を追う女性査察官リル・メイヤーは自宅のバスルームで異形の超人の襲撃に遭う。物語はやがて螺旋に織り成す謎を纏い、リルを見果てぬ外世界へと誘う――圧倒的な世界観の中で繰り広げられるダーク・サイファイ。近年では「虐殺器官」「GANGSTA.」の監督や、話題を呼んだ映画「ブレードランナー2049」のショートフィルム「ブラックアウト2022」でキャラクターデザイン・作画監督を手がけた村瀬修功によるオリジナルSFサイコサスペンス・アニメーション！,ホラー/サスペンス/推理,"[""[キャスト]"", ""ビンセント・ロウ:遊佐浩二／リル・メイヤー:斉藤梨絵／ピノ:矢島晶子／ラウル・クリード:花田光／デダルス・ユメノ:小林沙苗／イギー:水内清光／クリステヴァ:桑島法子／フッサール:柴田秀勝／バークリー:島香裕／デリタ:田中敦子／ラカン:沢海陽子／プラクシー・ワン:大塚芳忠"", ""[スタッフ]"", ""監督:村瀬修功／原作・制作:manglobe／チーフライター:佐藤 大／キャラクターデザイン:恩田尚之／セットデザイン:佐藤道明／デザインワークス:佐山善則・山根公利・柳瀬敬之／デザイン協力:出渕 裕／美術:青井 孝／色彩設計:山崎紀代美・吉村智恵・久保木裕一／撮影監督:山田和弘／編集:長坂智樹／音響監督:百瀬慶一／音楽:池 頼広"", ""[製作年]"", ""2006年"", ""©manglobe/NBCUniversal Entertainment/WOWOW""]"
4556,超劇場版ケロロ軍曹,人気TVアニメの劇場版第3作で、短編作品と同時に劇場公開された。地球に現れた最強の敵をケロロたちが迎え撃つ長編アニメ「超劇場版ケロロ軍曹3 ケロロ対ケロロ 天空大決戦であります！」と、ケロロたちが鎧兜に身を包み大奮闘する短編アニメ「武者ケロ お披露目！戦国ラン星（スター）大バトル!!」を同時配信。,コメディ/ギャグ,"[""[キャスト]"", ""ケロロ軍曹:渡辺久美子／タママ二等兵:小桜エツ子／ギロロ伍長:中田譲治／クルル曹長:子安武人／ドロロ兵長:草尾 毅／日向冬樹:川上とも子／日向夏美:斎藤千和／ダークケロロ:渡辺久美子／シヴァヴァ:高山みなみ／ドルル:ルー大柴／ナスカ:福田沙紀／ミルル:堀江由衣"", ""[スタッフ]"", ""原作:吉崎観音（角川書店）／総監督:佐藤順一／監督:山口 晋／「武者ケロ」監督:近藤信宏／キャラクターデザイン:追崎史敏／エグゼクティブ・プロデューサー:角川歴彦、吉井孝幸／企画:井上伸一郎、宮河恭夫／製作統括:安田 猛、尾崎雅之／プロデューサー:渡辺啓之、大橋千恵雄／脚本:横谷昌宏／音楽:鈴木さえ子／キャラクターデザイン:追崎史敏／美術監督:吉川洋史／色彩設計:中里智恵／撮影監督:福士 亨／編集:今井大介／音響監督:鶴岡陽太／アニメーション制作:サンライズ、ブリッジ／製作:角川書店、角川映画／製作:サンライズ、テレビ東京、NAS／配給:角川映画"", ""[製作年]"", ""2008年"", ""©2008吉崎観音／KADOKAWA，BNP，テレビ東京，NAS""]"
4562,吉宗,享保六年。八代将軍徳川吉宗の命によって設けられた「目安箱」。ここに寄せられた投書によって、「新中町奉行所」通称「蟲奉行所」が新設された。“死ぬまで勝ち続ける武士”を目指す月島仁兵衛は、生まれ育った津軽藩を離れ、大都会・江戸の「蟲奉行所」に勤めることに。お勤めの内容も知らぬまま、元気と馬鹿力が取り柄の仁兵衛が江戸の町で出会ったのは、個性的な仲間達、素直で可愛い町娘、そして…世にも怖ろしい巨大蟲だった!!選ばれた猛者たちが、江戸の平和と人々の笑顔を蟲から守るため、命がけで戦うその先は――爽快活劇！大江戸蟲斬りバトルアクション、ここに見参！,アクション/バトル,"[""[キャスト]"", ""月島仁兵衛:KENN／お春:明坂聡美／火鉢:大久保瑠美／無涯:寺島拓篤／恋川春菊:江口拓也／一乃谷天間:芹澤 優／松ノ原小鳥:宮野真守／月島源十郎:小山力也／長福丸:福山 潤／蟲奉行:潘めぐみ"", ""[スタッフ]"", ""原作:福田 宏（小学館「週刊少年サンデー」連載）／監督: 浜名孝行／シリーズ構成:加藤陽一／キャラクターデザイン:山下喜光／総作画監督:石井明治／ムシデザイン・ムシ作画監督:小田裕康／美術監督:海津利子／色彩設計:津守裕子／撮影監督:北岡 正／編集:関 一彦／音楽:織田哲郎／音響監督:平光琢也／制作:セブン・アークス・ピクチャーズ"", ""[製作年]"", ""2013年"", ""©福田宏・小学館／ムシブギョー製作委員会・テレビ東京""]"
4564,涼宮ハルヒの憂鬱,｢この中に宇宙人、未来人、超能力者がいたら、あたしのところに来なさい。以上!｣入学早々、時を止めるような挨拶をした涼宮ハルヒ。そんなSF小説じゃあるまいし…と、誰でもそう思う…。しかしハルヒは心の底から真剣だった。それに気づいたキョンをとりまく日常は、もうすでに超常になっていた…。涼宮ハルヒが団長の学校未公式団体｢SOS団｣が繰り広げるSF風味の学園ストーリー。,SF/ファンタジー,"[""[キャスト]"", ""涼宮ハルヒ:平野綾／キョン:杉田智和／長門有希:茅原実里／朝比奈みくる:後藤邑子／古泉一樹:小野大輔／朝倉涼子:桑谷夏子／鶴屋さん:松岡由貴／谷口:白石稔／国木田:松元惠／キョン妹:あおきさやか 他"", ""[スタッフ]"", ""原作・構成協力:谷川 流／原作イラスト・キャラクター原案:いとうのいぢ／連載:角川スニーカー文庫刊 ザ・スニーカー 少年エース／シリーズ構成: 涼宮ハルヒとやっぱり愉快な仲間たち／団長:涼宮ハルヒ／団長代理:石原立也／団長補佐:武本康弘／キャラクターデザイン:池田晶子／総作画監督:西屋太志／美術監督:田村せいき／撮影監督:中上竜太／設定:高橋博行／色彩設定:石田奈央美／音響監督:鶴岡陽太(楽音舎)／編集:重村建吾(スタジオごんぐ)／音楽:神前 暁(monaca)／アニメーション制作:京都アニメーション／製作:SOS団"", ""[製作年]"", ""2009年"", ""(c)2006 谷川 流・いとうのいぢ／SOS団 (c)2007,2008,2009 谷川 流・いとうのいぢ／SOS団""]"
4579,銀魂,天人(宇宙人)が来襲して、価値観が変わってしまった町、江戸。宇宙人や高層ビル、バイクなど何でもありの世界で変わらない“魂”を持った最後のサムライがいた。男の名は坂田銀時。いい加減で無鉄砲、でもキメるところはさりげなくキメたりして…。笑えて、泣けて、心温まる、銀さんと仲間たちの生き様、得とご覧あれ！,アクション/バトル,"[""[キャスト]"", ""坂田銀時:杉田智和／志村新八:阪口大助／神楽:釘宮理恵／定春:高橋美佳子／近藤 勲:千葉進歩／土方十四郎:中井和哉／沖田総悟:鈴村健一／山崎 退:太田哲治／松平片栗虎:若本規夫／桂 小太郎:石田 彰／志村 妙:雪野五月／お登勢:くじら／キャサリン:杉本ゆう／長谷川泰三:立木文彦／猿飛あやめ:小林ゆう／坂本辰馬:三木眞一郎／服部全蔵:藤原啓治／ハタ皇子:阪口候一／寺門 通:高橋美佳子"", ""[スタッフ]"", ""原作:空知英秋／掲載:集英社｢週刊少年ジャンプ｣／監督:高松信司／シリーズ構成:大和屋 暁／キャラクターデザイン･総作画監督:竹内進二／デザインワークス:今石 進／美術監督:野村裕樹／色彩設定:歌川律子／撮影監督:老平 英／編集:瀬山武司／CG監督:真田竹志／音楽:Audio Highs／音響監督:小林克良／アニメーション制作:サンライズ／製作:テレビ東京、電通、サンライズ"", ""[製作年]"", ""2006年"", ""©空知英秋／集英社・テレビ東京・電通・BNP""]"
4608,NANA,東京にいる彼氏の元にむかう小松奈々は、東京行きの列車の中で、ミュージシャンを目指して上京する大崎ナナと隣り合わせる。同じ“NANA”という名前を持つことから意気投合した二人は、その後東京での住まい探しの中で偶然再会し、共同生活を送ることに。奈々(通称ハチ)は、恋人の章司や同郷の友人の淳子や京助たちに助けられながら、東京での生活をスタート。一方ナナは、元恋人で、今は超人気バンド“トラネス”のギタリストとなったレンに対する想いを抱えながら、パンクバンド“ブラスト”のヴォーカルとしてメジャーデビューを目指す。無邪気で素直な奈々と、何事にもクールなナナ。一見正反対に見える二人は、時に衝突しつつも、絆を深めていく。2人の“ナナ”と、彼女らを取り巻く人々の恋や友情、夢の行方は？そして、彼女らを待ち受ける運命とは……。,ドラマ/青春,"[""[キャスト]"", ""大崎ナナ:朴璐美／小松奈々:KAORI／レン:木内秀信／ヤス:川原慶久／タクミ:森川智之／ノブ:関智一／シン:石田彰／レイラ:平野綾／京助:諏訪部順一／淳子:本田貴子／章司:高橋広樹／幸子:小島めぐみ／美里:かないみか／ナオキ:勝杏里／銀平:立木文彦"", ""[スタッフ]"", ""原作:矢沢あい(集英社｢Cookie｣連載)／シリーズ構成:金春智子／キャラクターデザイン:濱田邦彦／美術監督:清水友幸／色彩設計:角本百合子／音響監督:三間雅文／撮影監督:増元由紀大／音楽:長谷川智樹／監督:浅香守生／アニメーション制作:マッドハウス／製作著作:日本テレビ・バップ・集英社・マッドハウス"", ""[製作年]"", ""2006年"", ""©矢沢漫画制作所／集英社・VAP・マッドハウス・NTV""]"
4627,FLAG,2013年8月23日～25日の3日間、さいたまスーパーアリーナで行われた、世界最大級のアニソンライブイベント「Animelo Summer Live 2013 -FLAG NINE-」(アニサマ)の公演模様を配信!!,ライブ/ラジオ/etc.,"[""[キャスト]"", ""＜出演者＞: 【8/23】earthmind/アイドルマスターシンデレラガールズ/ALI PROJECT/串田アキラ/ZAQ/鈴木このみ/茅原実里/ChouCho/中川翔子/nano.RIPE/NoB/藤田麻衣子/ふとしfromキバオブアキバ/FLOW/三澤紗千香/μ's/ミルキィホームズ/May'n/ももいろクローバーZ/Ray 【8/24】あいう♥らぶ/アイドルマスターミリオンスターズ/藍井エイル/アフィリア・サーガ/angela/上坂すみれ/OLDCODEX/栗林みな実/GRANRODEO/Gero/サイキックラバー/土屋アンナ/Zwei/中島 愛/七森中☆ごらく部/春奈るな/fripSide/motsu/山本正之/LiSA 【8/25】 i☆Ris/いとうかなこ/後ろから這いより隊G/小倉 唯/喜多村英梨/黒崎真音/小松未可子/鈴村健一/ST☆RISH(寺島拓篤・鈴村健一・谷山紀章・宮野真守・諏訪部順一・下野 紘・鳥海浩輔)/スフィア/竹達彩奈/田村ゆかり/富永TOMMY弘明/南里侑香/野水いおり/日笠陽子/petit milady/水樹奈々/宮野真守/ゆいかおり ※50音順"", ""[製作年]"", ""2013年"", ""© アニサマプロジェクト2013""]"
4644,カーズ,突然の空港火災。巻き込まれてしまった小さな少女は、炎の中でただ、涙することしかできなかった。しかし、痛みと苦しみに瞳を閉じかけたその時。炎を貫いて現れたのは、自分よりもほんのいくらか年上なだけの、ひとりの少女だった。管理局の魔導師。炎も、障害も、すべてを貫いて自分を助け出してくれた年上の少女の姿に、小さな少女はまた涙した。それは悲しみや痛みの涙ではなく無力な自分と、痛みと苦しみを前に、なにもできない自分の弱さへの涙だった。小さな少女は心に決めた。「強くなる」ことを。４年の時が過ぎ、小さな少女の手足と背丈は、あの時出会った年上の少女と同じくらいには伸びていた。小さな少女はいくらか前、あの時自分を助けてくれた年上の少女の名前を知った。「高町なのは」それは、管理局航空部隊のエースオブエース。雲の彼方、空の向こうよりまだ遠い、星のような存在だった。しかし、小さな少女はもう決めていた。空を飛ぶことができなくても、星にたどり着くことができなくとも。自分の足で大地に立って自分の腕で、空に向かって、星に向かって手を伸ばすこと。小さな少女は、空を見上げる。スバル・ナカジマ、１５歳。憧れに向かって、前に進むために。,アクション/バトル,"[""[キャスト]"", ""高町なのは:田村ゆかり／フェイト・T・ハラオウン:水樹奈々／八神はやて:植田佳奈／リインフォースⅡ:ゆかな／シグナム:清水香里／ヴィータ:真田アサミ／シャマル:柚木涼香／ザフィーラ:一条和矢／スバル・ナカジマ:斎藤千和／ティアナ・ランスター:中原麻衣／エリオ・モンディアル:井上麻里奈／キャロ・ル・ルシエ:高橋美佳子 他"", ""[スタッフ]"", ""原作・脚本:都築真紀／監督:草川啓造／キャラクターデザイン:奥田泰弘／メカニックデザイン:宮澤　努／美術監督・美術設定:片平真司／色彩設定:田﨑智子／撮影監督:中山敦史／音楽:佐野広明／音響監督:亀山俊樹／アニメーション制作:セブン・アークス"", ""[製作年]"", ""2007年"", ""©なのはStrikerS PROJECT""]"
4665,おとぎ銃士 赤ずきん,｢人と精霊が共存し、精霊が力を持って暮らす大陸--ポリフォニカ。人々は精霊の起こす奇跡に頼り、精霊は人の奏でる音楽を糧としてこの世界のありとあらゆる場面でその力を発揮していた。精霊は音楽家の奏でる音楽に操られ、その力を発揮する。その特殊な音楽を奏でる彼らは『神曲楽士(ダンティスト)』と呼ばれ尊敬を集めていた。月の輝く夜、孤児院の屋根で二人は出会った。比類なき強き精霊--コーティカルテ・アパ・ラグランジェスと孤独な少年--フォロン。｢お前を私だけのものにしたい。お前の描き出す魂の形を私だけのものに。--ダメか?｣精霊が口にしたのは契約の言葉。絆を結ぶための神聖な儀式。だが、それは少年にとって一夜の夢のようなできごとだった。そして、時は流れ、あるできごとをきっかけに絆が再び動き出す。,SF/ファンタジー,"[""[キャスト]"", ""タタラ・フォロン:神谷浩史／コーティカルテ・アパ・ラグランジェス:戸松遥／ツゲ・ユフィンリー:川澄綾子／サイキ・レンバルト:小西克幸／ユギリ・ペルセルテ:水樹奈々／ユギリ・プリネシカ:佐藤利奈"", ""[スタッフ]"", ""監督:鈴木利正(｢ヒロイック・エイジ｣)／シリーズ構成:金巻兼一(｢夏目友人帳｣、｢タイタニア｣、｢地獄少女｣シリーズ、｢さよなら絶望先生｣)／脚本:川崎ヒロユキ(｢無限の住人｣、｢ツバサ・クロニクル｣、｢ラブひな｣)関島眞頼(｢スキップ・ビート!｣、｢夏目友人帳｣、｢奥さまは魔法少女｣、｢月詠-MOON PHASE｣)／キャラクターデザイン:小原 充(｢半分の月がのぼる空｣、｢おとぎ銃士 赤ずきん｣)／美術監督:小濱俊裕／美術設計:塩澤良憲／色彩設計:高谷知恵／撮影監督:飯島 亮／編集:関 一彦／音響監督:明田川仁／音響制作:マジックカプセル／音楽制作:ランティス／アニメーション制作:ディオメディア(｢乃木坂春香の秘密｣、｢こどものじかん｣)"", ""[製作年]"", ""2009年"", ""(c)榊一郎/トルバス神曲学院""]"
4670,ブレイブストーリー,20XX年の東京副都心、新宿。料理学校に通う恭平は、いきなり激しい銃撃戦に巻きこまれた。凶悪そうな男にデザートイーグルを乱射する少女の腕には、翼のような刻印が……。後日、コックのバイトに応募した恭平は、巨大トレーラーで4人の少女と出逢う。セイ、メグ、エイミー、そしてジョウ……彼女だけは、どこかで見た気がしてならない。彼女たちこそは華僑組織｢白蘭｣(バーレン)のスペシャリスト。いま新たな指令がくだる!,SF/ファンタジー,"[""[キャスト]"", ""ジョウ:渡辺明乃／メグ:豊口めぐみ／エイミー:高橋美佳子／セイ:田中理恵／恭平:うえだゆうじ"", ""[スタッフ]"", ""監督:大畑晃一(｢一騎当千DragonDestiny｣、｢最遊記RELOAD｣他)／シリーズ構成:志茂文彦(｢涼宮ハルヒの憂鬱｣、｢AIR｣、｢テニスの王子様｣他)／キャラクターデザイン原案:白亜右月(｢ドルアーガの塔｣他)／音響監督:鶴岡陽太(｢犬夜叉｣、｢ラーゼフォン｣、｢巌窟王｣、｢ケロロ軍曹｣他)／音楽:西田マサラ(｢地獄少女｣、｢かりん｣、｢ちょこっとSister｣他)／アニメーション制作:ゴンゾ(｢月面兎兵器ミーナ｣、｢最終兵器彼女｣、｢ブレイブストーリー｣他)／製作:爆天計画"", ""[製作年]"", ""2003年"", ""(C)2003GONZO/爆天計画""]"
4697,DEATH NOTE,2003年より｢週刊少年ジャンプ｣（集英社刊）で連載がスタートし、コミックスの累計発行部数が2100万部を超える大ヒット作品｢DEATH NOTE（デスノート）｣。｢そのノートに名前を書かれた人間は死ぬ｣という力を持つ、死神が落とした恐るべき“デスノート”。天才的な頭脳を持ち、退屈を持て余していた高校生･夜神月（ヤガミ･ライト）がそれを拾った時から、すべては始まった。デスノートを使って、世の中に溢れる犯罪者たちに次々と死の制裁を下していく月は、いつしか“キラ”と呼ばれるようになる。果たして月＝キラは、世界を救う救世主なのか。それとも独裁的な殺人者なのか。キラを崇拝する者、その行為を否定する者。世界は大きく揺れ動いていく…。,ドラマ/青春,"[""[キャスト]"", ""夜神 月:宮野真守／Ｌ・竜崎:山口勝平／リューク:中村獅童／弥 海砂:平野 綾／夜神粧裕:工藤晴香　他"", ""[スタッフ]"", ""原作:大場つぐみ、小畑 健 (集英社　ジャンプコミックス刊)／シリーズ構成:井上敏樹／キャラクターデザイン:北尾 勝／美術監督:一色美緒／色彩設計:橋本 賢／音響監督:山田知明／監督:荒木哲郎／音楽:平野義久、タニウチヒデキ／アニメーション制作:マッドハウス／オープニングテーマ:「the WORLD」ナイトメア（VAP）／エンディングテーマ:「アルミナ」ナイトメア（VAP）／製作著作:日本テレビ放送網株式会社、有限責任事業組合D.N. ドリームパートナーズ・バップ・集英社・マッドハウス"", ""[製作年]"", ""2006年"", ""©大場つぐみ・小畑健/集英社・VAP・マッドハウス・NTV・D.N.ドリームパートナーズ""]"
4708,BALDR FORCE EXE,虚像の世界と仮初の体、そこで得られる真実は？PC用ゲーム、コンシュマー用ゲームとして多くのゲームファンを魅了した大ヒット作のアニメーション化！！,ロボット/メカ,"[""[キャスト]"", ""相馬透:鈴村健一／水坂憐:下屋則子／瀬川みのり:中原麻衣／紫藤彩音:生天目仁美／笹桐月菜:佐藤利奈／リャン:水樹奈々／バチェラ:桑島法子"", ""[スタッフ]"", ""原作:GIGA,Alchemist／監督:田中タカユキ／キャラクターデザイン:山崎ヒデキ／総作画監督:山崎秀樹／主題歌:OP「Face of Fact-RESOLUTION ver.-」KOTOKO,ED「undelete」川田まみ／音響監督:明田川仁／音響制作:マジックカプセル／音楽:渡辺剛／音楽制作:ミュージックブレインズ／アニメーション制作:サテライト"", ""[製作年]"", ""2006年"", ""(C)GIGA／Alchemist／B.E.R.Committee""]"
4730,家庭教師ヒットマンREBORN!,入江正一から｢ボンゴレ匣｣を渡されたツナたち。そして入江から明かされたのは、白蘭のとんでもない野望だった。白蘭の真実、真6弔花、そして｢チョイスバトル｣……。ツナたちの未来を決するバトルはますます激しさを増していく！,コメディ/ギャグ,"[""[キャスト]"", ""リボーン:ニーコ／沢田綱吉:國分優香里／獄寺隼人:市瀬秀和／山本武:井上優／笹川了平:木内秀信／雲雀恭弥:近藤隆／ラル・ミルチ:鈴木真仁／笹川京子:稲村優奈／三浦ハル:吉田仁美／ランボ:竹内順子／イーピン:チャン・リーメイ／ビアンキ:田中理恵／フゥ太:三瓶由布子"", ""[スタッフ]"", ""原作:天野明（週刊少年ジャンプ連載）／監督:今泉賢一／シリーズ構成・脚本:岸間信明／キャラクターデザイン:田中将賀／色彩設計:山下圭子／美術設定:谷内優穂（KUSANAGI）／美術監督:松宮正純（STUDIO LOFT）／撮影監督:濱雄紀（旭プロダクション）／編集:西山茂／音響監督:ハマノカズゾウ／監修:石黒昇／アニメーション制作:アートランド"", ""[製作年]"", ""2009年"", ""©天野明／集英社・テレビ東京・リボーン製作委員会""]"
4737,鉄コン筋クリート,懐かしさと危険な空気が混在する宝町。そこに暮らす少年・シロとクロは親を持たず、暴力によって生活費を稼いでいた。ある日、宝町に「子供の城」というレジャー施設が誕生する。しかしそれは海外のギャングによる計画で、町の支配を意味していた。様変わりしていく町の景色に違和感を覚えるシロとクロ。彼らを追う刑事。見守るホームレス。命を狙う海外ギャング。再開発に抗う昔気質のヤクザ。様々な人間の思惑がぶつかり合い、シロとクロの運命は大きく揺れ動く…。むき出しの刃が交錯する中、シロとクロ、心と体の壮絶なサバイバル！,2.5次元舞台,"[""[キャスト]"", ""出演:若月佑美（乃木坂46）／三戸なつめ／谷口賢志　我善導　船木政秀　橘 輝　加藤靖久　新田健太／コング桑田／玉置玲央／山下征志　書川勇輝　新原美波　齋藤久美子　木原実優／花王おさむ／窪塚俊介／中西良太"", ""[スタッフ]"", ""原作:松本大洋「鉄コン筋クリート」（小学館ビッグスピリッツコミックス刊）／演出:松崎史也／脚本:畑 雅文"", ""[製作年]"", ""2018年"", ""©松本大洋／小学館　©2018舞台「鉄コン筋クリート」製作委員会""]"
