title,image_url,
魔法科高校の劣等生,https://cs1.anime.dmkt-sp.jp/anime_kv/img/11/24/0/11240_1_8_8b.png?1551183470000
かぐや様は告らせたい～天才たちの恋愛頭脳戦～,	https://cs1.anime.dmkt-sp.jp/anime_kv/img/22/54/1/22541_1_8_8b.png?1551354381000
ノーゲーム・ノーライフ,	https://cs1.anime.dmkt-sp.jp/anime_kv/img/11/26/0/11260_1_8_8b.png?1551174136000
魔法使いの嫁,	https://cs1.anime.dmkt-sp.jp/anime_kv/img/21/78/5/21785_1_8_8b.png?1551348887000
四月は君の嘘,	https://cs1.anime.dmkt-sp.jp/anime_kv/img/11/51/3/11513_1_8_8b.png?1552014161000
涼宮ハルヒの憂鬱(2009年放送版),	https://cs1.anime.dmkt-sp.jp/anime_kv/img/10/85/3/10853_1_8_8b.png?1551423046000
乙女ゲームの破滅フラグしかない悪役令嬢に転生してしまった…,	https://cs1.anime.dmkt-sp.jp/anime_kv/img/23/65/3/23653_1_8_8b.png?1583305263000
青春ブタ野郎はバニーガール先輩の夢を見ない,	https://cs1.anime.dmkt-sp.jp/anime_kv/img/22/40/6/22406_1_8_8b.png?1551349361000
とらドラ!,	https://cs1.anime.dmkt-sp.jp/anime_kv/img/10/00/5/10005_1_8_8b.png?1550563317000
五等分の花嫁,	https://cs1.anime.dmkt-sp.jp/anime_kv/img/22/54/3/22543_1_8_8b.png?1551346708000
かぐや様は告らせたい？～天才たちの恋愛頭脳戦～,	https://cs1.anime.dmkt-sp.jp/anime_kv/img/23/75/0/23750_1_8_8b.png?1583985633000
化物語,	https://cs1.anime.dmkt-sp.jp/anime_kv/img/11/16/8/11168_1_8_8b.png?1552446014000
魔法科高校の劣等生 来訪者編,	https://cs1.anime.dmkt-sp.jp/anime_kv/img/24/25/2/24252_1_8_8b.png?1600153547000
冴えない彼女の育てかた,	https://cs1.anime.dmkt-sp.jp/anime_kv/img/11/61/1/11611_1_8_8b.png?1552445704000
マクロスΔ(デルタ),	https://cs1.anime.dmkt-sp.jp/anime_kv/img/20/86/7/20867_1_8_8b.png?1551271455000
生徒会役員共＊,	https://cs1.anime.dmkt-sp.jp/anime_kv/img/11/11/7/11117_1_8_8b.png?1551174300000
生徒会役員共,	https://cs1.anime.dmkt-sp.jp/anime_kv/img/11/04/1/11041_1_8_8b.png?1551180815000
さくら荘のペットな彼女,	https://cs1.anime.dmkt-sp.jp/anime_kv/img/10/65/5/10655_1_8_8b.png?1551183057000
エロマンガ先生,	https://cs1.anime.dmkt-sp.jp/anime_kv/img/21/51/0/21510_1_8_8b.png?1551268109000
俺物語!!,	https://cs1.anime.dmkt-sp.jp/anime_kv/img/20/10/7/20107_1_8_8b.png?1551177343000
プランダラ,	https://cs1.anime.dmkt-sp.jp/anime_kv/img/23/12/7/23127_1_8_8b.png?1575598238000
ヲタクに恋は難しい,	https://cs1.anime.dmkt-sp.jp/anime_kv/img/22/83/3/22833_1_8_8b.png?1562043600000
フルーツバスケット 1st season,	https://cs1.anime.dmkt-sp.jp/anime_kv/img/22/68/0/22680_1_8_8b.png?1553495408000
偽物語,	https://cs1.anime.dmkt-sp.jp/anime_kv/img/11/32/9/11329_1_8_8b.png?1551420820000
異世界魔王と召喚少女の奴隷魔術,	https://cs1.anime.dmkt-sp.jp/anime_kv/img/22/25/0/22250_1_8_8b.png?1551350304000
暁のヨナ,	https://cs1.anime.dmkt-sp.jp/anime_kv/img/11/47/5/11475_1_8_8b.png?1551177812000
異世界の聖機師物語,	https://cs1.anime.dmkt-sp.jp/anime_kv/img/10/47/2/10472_1_8_8b.png?1551180111000
虚構推理,	https://cs1.anime.dmkt-sp.jp/anime_kv/img/23/12/9/23129_1_8_8b.png?1575598053000
宇崎ちゃんは遊びたい！,	https://cs1.anime.dmkt-sp.jp/anime_kv/img/24/03/4/24034_1_8_8b.png?1591583432000
バカとテストと召喚獣,	https://cs1.anime.dmkt-sp.jp/anime_kv/img/10/01/1/10011_1_8_8b.png?1551183778000
やはり俺の青春ラブコメはまちがっている。,	https://cs1.anime.dmkt-sp.jp/anime_kv/img/22/96/7/22967_1_8_8b.png?1564642932000
トリニティセブン,	https://cs1.anime.dmkt-sp.jp/anime_kv/img/11/46/9/11469_1_8_8b.png?1551175443000
彼女、お借りします,	https://cs1.anime.dmkt-sp.jp/anime_kv/img/24/02/5/24025_1_8_8b.png?1591255941000
ネトゲの嫁は女の子じゃないと思った？,	https://cs1.anime.dmkt-sp.jp/anime_kv/img/20/87/4/20874_1_8_8b.png?1551265171000
政宗くんのリベンジ ,	https://cs1.anime.dmkt-sp.jp/anime_kv/img/21/32/6/21326_1_8_8b.png?1551271087000
やはり俺の青春ラブコメはまちがっている。続,	https://cs1.anime.dmkt-sp.jp/anime_kv/img/22/96/8/22968_1_8_8b.png?1564643006000
カードキャプターさくら　クロウカード編,	https://cs1.anime.dmkt-sp.jp/anime_kv/img/21/03/0/21030_1_8_8b.png?1551262490000
俺を好きなのはお前だけかよ,	https://cs1.anime.dmkt-sp.jp/anime_kv/img/22/98/5/22985_1_8_8b.png?1569382357000
赤髪の白雪姫,	https://cs1.anime.dmkt-sp.jp/anime_kv/img/20/16/2/20162_1_8_8b.png?1552446442000
CLANNAD,	https://cs1.anime.dmkt-sp.jp/anime_kv/img/20/34/0/20340_1_8_8b.png?1551260978000
3D彼女 リアルガール,	https://cs1.anime.dmkt-sp.jp/anime_kv/img/22/09/2/22092_1_8_8b.png?1551352702000
ぼくたちは勉強ができない,	https://cs1.anime.dmkt-sp.jp/anime_kv/img/22/68/1/22681_1_8_8b.png?1553495506000
まおゆう魔王勇者,	https://cs1.anime.dmkt-sp.jp/anime_kv/img/10/73/6/10736_1_8_8b.png?1551173617000
彩雲国物語,	https://cs1.anime.dmkt-sp.jp/anime_kv/img/10/34/8/10348_1_8_8b.png?1551421930000
あの日見た花の名前を僕達はまだ知らない。,	https://cs1.anime.dmkt-sp.jp/anime_kv/img/11/17/1/11171_1_8_8b.png?1552444799000
IS<インフィニット・ストラトス>,	https://cs1.anime.dmkt-sp.jp/anime_kv/img/11/06/5/11065_1_8_8b.png?1551177013000
ゲーマーズ！,	https://cs1.anime.dmkt-sp.jp/anime_kv/img/21/65/6/21656_1_8_8b.png?1551271545000
可愛ければ変態でも好きになってくれますか？,	https://cs1.anime.dmkt-sp.jp/anime_kv/img/22/85/2/22852_1_8_8b.png?1562043600000
俺の妹がこんなに可愛いわけがない,	https://cs1.anime.dmkt-sp.jp/anime_kv/img/10/64/2/10642_1_8_8b.png?1551177121000
僕は友達が少ない,	https://cs1.anime.dmkt-sp.jp/anime_kv/img/11/40/1/11401_1_8_8b.png?1551174240000
ニセコイ,	https://cs1.anime.dmkt-sp.jp/anime_kv/img/21/41/9/21419_1_8_8b.png?1551267923000
凪のあすから,	https://cs1.anime.dmkt-sp.jp/anime_kv/img/11/00/1/11001_1_8_8b.png?1551178775000
中二病でも恋がしたい！,	https://cs1.anime.dmkt-sp.jp/anime_kv/img/20/32/6/20326_1_8_8b.png?1551420874000
トニカクカワイイ,	https://cs1.anime.dmkt-sp.jp/anime_kv/img/24/27/5/24275_1_8_8b.png?1600416037000
終物語,	https://cs1.anime.dmkt-sp.jp/anime_kv/img/20/37/7/20377_1_8_8b.png?1552446777000
ブラック・ブレット,	https://cs1.anime.dmkt-sp.jp/anime_kv/img/11/23/3/11233_1_8_8b.png?1551180143000
ゴールデンタイム,	https://cs1.anime.dmkt-sp.jp/anime_kv/img/11/00/6/11006_1_8_8b.png?1551175538000
抱かれたい男1位に脅されています。,	https://cs1.anime.dmkt-sp.jp/anime_kv/img/22/40/7/22407_1_8_8b.png?1551347297000
君に届け,	https://cs1.anime.dmkt-sp.jp/anime_kv/img/21/21/9/21219_1_8_8b.png?1551264558000
バカとテストと召喚獣にっ!,	https://cs1.anime.dmkt-sp.jp/anime_kv/img/10/10/0/10100_1_8_8b.png?1551174102000
はぐれ勇者の鬼畜美学（エステティカ）,	https://cs1.anime.dmkt-sp.jp/anime_kv/img/11/43/1/11431_1_8_8b.png?1551180034000
モンスター娘のいる日常,	https://cs1.anime.dmkt-sp.jp/anime_kv/img/20/20/5/20205_1_8_8b.png?1551183491000
五等分の花嫁∬,	https://cs1.anime.dmkt-sp.jp/anime_kv/img/24/41/0/24410_1_8_8b.png?1605603669000
冴えない彼女の育てかた♭,	https://cs1.anime.dmkt-sp.jp/anime_kv/img/22/36/2/22362_1_8_8b.png?1551420528000
俺の彼女と幼なじみが修羅場すぎる,	https://cs1.anime.dmkt-sp.jp/anime_kv/img/11/08/3/11083_1_8_8b.png?1551175183000
デート・ア・ライブ,	https://cs1.anime.dmkt-sp.jp/anime_kv/img/11/06/7/11067_1_8_8b.png?1551177801000
俺の妹がこんなに可愛いわけがない。,	https://cs1.anime.dmkt-sp.jp/anime_kv/img/10/79/7/10797_1_8_8b.png?1551177323000
のだめカンタービレ,	https://cs1.anime.dmkt-sp.jp/anime_kv/img/11/19/6/11196_1_8_8b.png?1552446361000
赤髪の白雪姫 2ndシーズン,	https://cs1.anime.dmkt-sp.jp/anime_kv/img/20/52/4/20524_1_8_8b.png?1551264089000
CLANNAD　AFTER　STORY,	https://cs1.anime.dmkt-sp.jp/anime_kv/img/20/34/1/20341_1_8_8b.png?1551423833000
生徒会役員共　番外編,	https://cs1.anime.dmkt-sp.jp/anime_kv/img/21/61/6/21616_1_8_8b.png?1551271152000
妖狐×僕SS,	https://cs1.anime.dmkt-sp.jp/anime_kv/img/20/86/5/20865_1_8_8b.png?1551267264000
世界一初恋,	https://cs1.anime.dmkt-sp.jp/anime_kv/img/11/15/8/11158_1_8_8b.png?1552446111000
神様はじめました,	https://cs1.anime.dmkt-sp.jp/anime_kv/img/10/64/5/10645_1_8_8b.png?1551422453000
聖剣使いの禁呪詠唱（ワールドブレイク）,	https://cs1.anime.dmkt-sp.jp/anime_kv/img/20/19/4/20194_1_8_8b.png?1551174078000
フルーツバスケット 2nd season ,	https://cs1.anime.dmkt-sp.jp/anime_kv/img/23/86/3/23863_1_8_8b.png?1584327640000
世界一初恋2,	https://cs1.anime.dmkt-sp.jp/anime_kv/img/11/15/9/11159_1_8_8b.png?1552447562000
妹さえいればいい。,	https://cs1.anime.dmkt-sp.jp/anime_kv/img/21/83/0/21830_1_8_8b.png?1551348137000
IS<インフィニット・ストラトス>2,	https://cs1.anime.dmkt-sp.jp/anime_kv/img/11/17/5/11175_1_8_8b.png?1551175993000
フルーツバスケット,	https://cs1.anime.dmkt-sp.jp/anime_kv/img/11/55/2/11552_1_8_8b.png?1551183124000
僕は友達が少ないNEXT,	https://cs1.anime.dmkt-sp.jp/anime_kv/img/20/02/6/20026_1_8_8b.png?1551176122000
ぼくたちは勉強ができない！,	https://cs1.anime.dmkt-sp.jp/anime_kv/img/22/99/8/22998_1_8_8b.png?1568684779000
なんでここに先生が!? ＜もっとたゆたゆver.＞,	https://cs1.anime.dmkt-sp.jp/anime_kv/img/22/68/7/22687_1_8_8b.png?1554858031000
純情ロマンチカ,	https://cs1.anime.dmkt-sp.jp/anime_kv/img/10/72/9/10729_1_8_8b.png?1552447759000
這いよれ！ニャル子さん,	https://cs1.anime.dmkt-sp.jp/anime_kv/img/10/80/0/10800_1_8_8b.png?1551179912000
アマガミSS,	https://cs1.anime.dmkt-sp.jp/anime_kv/img/20/27/1/20271_1_8_8b.png?1551180327000
未確認で進行形,	https://cs1.anime.dmkt-sp.jp/anime_kv/img/11/12/8/11128_1_8_8b.png?1551423203000
瀬戸の花嫁,	https://cs1.anime.dmkt-sp.jp/anime_kv/img/10/10/2/10102_1_8_8b.png?1551179591000
緋弾のアリア,	https://cs1.anime.dmkt-sp.jp/anime_kv/img/10/93/2/10932_1_8_8b.png?1552446555000
グレイプニル,	https://cs1.anime.dmkt-sp.jp/anime_kv/img/23/75/3/23753_1_8_8b.png?1584327607000
カードキャプターさくら クリアカード編,	https://cs1.anime.dmkt-sp.jp/anime_kv/img/21/93/7/21937_1_8_8b.png?1551352559000
中二病でも恋がしたい！戀,	https://cs1.anime.dmkt-sp.jp/anime_kv/img/20/33/2/20332_1_8_8b.png?1551269235000
のうりん,	https://cs1.anime.dmkt-sp.jp/anime_kv/img/11/11/4/11114_1_8_8b.png?1551181149000
彩雲国物語第2シリーズ,	https://cs1.anime.dmkt-sp.jp/anime_kv/img/10/60/1/10601_1_8_8b.png?1551182272000
俺がお嬢様学校に「庶民サンプル」としてゲッツされた件,	https://cs1.anime.dmkt-sp.jp/anime_kv/img/20/36/3/20363_1_8_8b.png?1551264467000
灼眼のシャナ,	https://cs1.anime.dmkt-sp.jp/anime_kv/img/10/10/3/10103_1_8_8b.png?1551173872000
弱キャラ友崎くん,	https://cs1.anime.dmkt-sp.jp/anime_kv/img/24/41/4/24414_1_8_8b.png?1607671935000
新妹魔王の契約者(テスタメント),	https://cs1.anime.dmkt-sp.jp/anime_kv/img/11/61/4/11614_1_8_8b.png?1551423793000
上野さんは不器用,	https://cs1.anime.dmkt-sp.jp/anime_kv/img/22/52/8/22528_1_8_8b.png?1551346850000
多田くんは恋をしない,	https://cs1.anime.dmkt-sp.jp/anime_kv/img/22/07/7/22077_1_8_8b.png?1551352548000
暦物語,	https://cs1.anime.dmkt-sp.jp/anime_kv/img/22/45/6/22456_1_8_8b.png?1551420576000
ネト充のススメ,	https://cs1.anime.dmkt-sp.jp/anime_kv/img/21/82/9/21829_1_8_8b.png?1551348987000
犬夜叉　第1期,	https://cs1.anime.dmkt-sp.jp/anime_kv/img/24/21/9/24219_1_8_8b.png?1599037347000
ハイスクールD×D,	https://cs1.anime.dmkt-sp.jp/anime_kv/img/10/93/1/10931_1_8_8b.png?1551175432000
美少女戦士セーラームーン,	https://cs1.anime.dmkt-sp.jp/anime_kv/img/11/41/3/11413_1_8_8b.png?1583915455000
織田信奈の野望,	https://cs1.anime.dmkt-sp.jp/anime_kv/img/10/99/8/10998_1_8_8b.png?1551176053000
マンガ家さんとアシスタントさんと,	https://cs1.anime.dmkt-sp.jp/anime_kv/img/11/23/7/11237_1_8_8b.png?1552447499000
お兄ちゃんだけど愛さえあれば関係ないよねっ,	https://cs1.anime.dmkt-sp.jp/anime_kv/img/11/43/0/11430_1_8_8b.png?1551352787000
神様はじめました◎,	https://cs1.anime.dmkt-sp.jp/anime_kv/img/11/59/9/11599_1_8_8b.png?1551179625000
ゼロの使い魔,	https://cs1.anime.dmkt-sp.jp/anime_kv/img/10/32/7/10327_1_8_8b.png?1551179053000
ゆるゆり,	https://cs1.anime.dmkt-sp.jp/anime_kv/img/10/40/6/10406_1_8_8b.png?1551183311000
ReLIFE,	https://cs1.anime.dmkt-sp.jp/anime_kv/img/21/79/3/21793_1_8_8b.png?1551420065000
ママレード・ボーイ,	https://cs1.anime.dmkt-sp.jp/anime_kv/img/20/62/8/20628_1_8_8b.png?1551267848000
純情ロマンチカ３,	https://cs1.anime.dmkt-sp.jp/anime_kv/img/20/20/9/20209_1_8_8b.png?1551175758000
純情ロマンチカ２（に）,	https://cs1.anime.dmkt-sp.jp/anime_kv/img/10/75/3/10753_1_8_8b.png?1552447021000
ハイスクールD×D BorN,	https://cs1.anime.dmkt-sp.jp/anime_kv/img/20/10/0/20100_1_8_8b.png?1551177615000
いちばんうしろの大魔王,	https://cs1.anime.dmkt-sp.jp/anime_kv/img/10/15/3/10153_1_8_8b.png?1551179989000
ニセコイ:,	https://cs1.anime.dmkt-sp.jp/anime_kv/img/20/09/6/20096_1_8_8b.png?1551420936000
山田くんと7人の魔女,	https://cs1.anime.dmkt-sp.jp/anime_kv/img/21/08/8/21088_1_8_8b.png?1551269361000
ハイスクールD×D NEW,	https://cs1.anime.dmkt-sp.jp/anime_kv/img/11/63/2/11632_1_8_8b.png?1551182110000
六畳間の侵略者!?,	https://cs1.anime.dmkt-sp.jp/anime_kv/img/11/37/5/11375_1_8_8b.png?1551176232000
となりの怪物くん,	https://cs1.anime.dmkt-sp.jp/anime_kv/img/20/71/3/20713_1_8_8b.png?1551266618000
ディーふらぐ！,	https://cs1.anime.dmkt-sp.jp/anime_kv/img/11/12/0/11120_1_8_8b.png?1551181023000
変態王子と笑わない猫。,	https://cs1.anime.dmkt-sp.jp/anime_kv/img/10/95/3/10953_1_8_8b.png?1551422306000
これはゾンビですか？,	https://cs1.anime.dmkt-sp.jp/anime_kv/img/10/39/8/10398_1_8_8b.png?1551183230000
みだらな青ちゃんは勉強ができない,	https://cs1.anime.dmkt-sp.jp/anime_kv/img/22/72/6/22726_1_8_8b.png?1553650404000
School Days,	https://cs1.anime.dmkt-sp.jp/anime_kv/img/10/15/4/10154_1_8_8b.png?1551177333000
劇場版 魔法科高校の劣等生 星を呼ぶ少女,	https://cs1.anime.dmkt-sp.jp/anime_kv/img/22/30/2/22302_1_8_8b.png?1551353013000
マクロス7,	https://cs1.anime.dmkt-sp.jp/anime_kv/img/20/59/7/20597_1_8_8b.png?1551266213000
ヨスガノソラ,	https://cs1.anime.dmkt-sp.jp/anime_kv/img/10/53/1/10531_1_8_8b.png?1551178863000
ハイスクールD×D　HERO,	https://cs1.anime.dmkt-sp.jp/anime_kv/img/22/08/7/22087_1_8_8b.png?1551347065000
精霊使いの剣舞,	https://cs1.anime.dmkt-sp.jp/anime_kv/img/11/37/9/11379_1_8_8b.png?1551176584000
それでも世界は美しい,	https://cs1.anime.dmkt-sp.jp/anime_kv/img/11/26/8/11268_1_8_8b.png?1552447965000
デート・ア・ライブⅡ,	https://cs1.anime.dmkt-sp.jp/anime_kv/img/11/23/5/11235_1_8_8b.png?1551176715000
僕の彼女がマジメ過ぎるしょびっちな件,	https://cs1.anime.dmkt-sp.jp/anime_kv/img/21/78/7/21787_1_8_8b.png?1551346655000
リトルバスターズ！,	https://cs1.anime.dmkt-sp.jp/anime_kv/img/20/43/4/20434_1_8_8b.png?1551263441000
カードキャプターさくら　さくらカード編,	https://cs1.anime.dmkt-sp.jp/anime_kv/img/21/08/9/21089_1_8_8b.png?1551260730000
「終物語」まよいヘル／ひたぎランデブー／おうぎダーク,	https://cs1.anime.dmkt-sp.jp/anime_kv/img/22/45/5/22455_1_8_8b.png?1551347896000
デート・ア・ライブⅢ,	https://cs1.anime.dmkt-sp.jp/anime_kv/img/22/50/0/22500_1_8_8b.png?1552379408000
すのはら荘の管理人さん,	https://cs1.anime.dmkt-sp.jp/anime_kv/img/22/25/6/22256_1_8_8b.png?1551347414000
魔法騎士レイアース,	https://cs1.anime.dmkt-sp.jp/anime_kv/img/10/79/5/10795_1_8_8b.png?1551423751000
なんでここに先生が!?,	https://cs1.anime.dmkt-sp.jp/anime_kv/img/22/68/6/22686_1_8_8b.png?1554174037000
はじめてのギャル,	https://cs1.anime.dmkt-sp.jp/anime_kv/img/21/64/9/21649_1_8_8b.png?1551267891000
輪るピングドラム,	https://cs1.anime.dmkt-sp.jp/anime_kv/img/10/62/5/10625_1_8_8b.png?1551177673000
SUPER LOVERS,	https://cs1.anime.dmkt-sp.jp/anime_kv/img/20/87/1/20871_1_8_8b.png?1551420350000
ゆらぎ荘の幽奈さん,	https://cs1.anime.dmkt-sp.jp/anime_kv/img/22/26/7/22267_1_8_8b.png?1551350523000
好きっていいなよ。,	https://cs1.anime.dmkt-sp.jp/anime_kv/img/11/30/3/11303_1_8_8b.png?1551174216000
この美術部には問題がある！,	https://cs1.anime.dmkt-sp.jp/anime_kv/img/21/02/8/21028_1_8_8b.png?1551269224000
ゆるゆり♪♪,	/img/img_lazySpace.gif
俺の脳内選択肢が、学園ラブコメを全力で邪魔している,	/img/img_lazySpace.gif
戦×恋（ヴァルラヴ）,	https://cs1.anime.dmkt-sp.jp/anime_kv/img/22/98/4/22984_1_8_8b.png?1567153807000
うたの☆プリンスさまっ♪ マジLOVE1000％,	https://cs1.anime.dmkt-sp.jp/anime_kv/img/11/30/2/11302_1_8_8b.png?1551176673000
境界線上のホライゾン,	https://cs1.anime.dmkt-sp.jp/anime_kv/img/11/11/2/11112_1_8_8b.png?1552444436000
私がモテてどうすんだ,	https://cs1.anime.dmkt-sp.jp/anime_kv/img/21/18/0/21180_1_8_8b.png?1551262795000
〈物語〉シリーズ セカンドシーズン（第21話～第26話） 恋物語,	https://cs1.anime.dmkt-sp.jp/anime_kv/img/20/41/3/20413_1_8_8b.png?1552446289000
やがて君になる,	https://cs1.anime.dmkt-sp.jp/anime_kv/img/22/40/2/22402_1_8_8b.png?1551346456000
Just Because！,	https://cs1.anime.dmkt-sp.jp/anime_kv/img/21/80/8/21808_1_8_8b.png?1551353957000
イタズラなKiss,	https://cs1.anime.dmkt-sp.jp/anime_kv/img/10/35/9/10359_1_8_8b.png?1551180457000
〈物語〉シリーズ セカンドシーズン（第1話～第5話） 猫物語(白),	https://cs1.anime.dmkt-sp.jp/anime_kv/img/20/40/9/20409_1_8_8b.png?1552446565000
ド級編隊エグゼロス＜Hネルギー解放版＞,	https://cs1.anime.dmkt-sp.jp/anime_kv/img/24/02/7/24027_1_8_8b.png?1592893832000
長門有希ちゃんの消失,	https://cs1.anime.dmkt-sp.jp/anime_kv/img/20/08/9/20089_1_8_8b.png?1551354066000
カンピオーネ! ～まつろわぬ神々と神殺しの魔王～,	https://cs1.anime.dmkt-sp.jp/anime_kv/img/22/46/0/22460_1_8_8b.png?1551347587000
恋愛暴君,	https://cs1.anime.dmkt-sp.jp/anime_kv/img/21/52/6/21526_1_8_8b.png?1551271128000
魔装学園H×H(ハイブリッドハート),	https://cs1.anime.dmkt-sp.jp/anime_kv/img/20/98/6/20986_1_8_8b.png?1551266328000
ゼロの使い魔 双月の騎士,	https://cs1.anime.dmkt-sp.jp/anime_kv/img/10/32/8/10328_1_8_8b.png?1551173936000
彼女がフラグをおられたら,	https://cs1.anime.dmkt-sp.jp/anime_kv/img/11/22/9/11229_1_8_8b.png?1551420758000
最近、妹のようすがちょっとおかしいんだが。,	https://cs1.anime.dmkt-sp.jp/anime_kv/img/11/11/6/11116_1_8_8b.png?1551174436000
這いよれ！ニャル子さんＷ,	https://cs1.anime.dmkt-sp.jp/anime_kv/img/11/10/9/11109_1_8_8b.png?1551175148000
SUPER LOVERS 2,	https://cs1.anime.dmkt-sp.jp/anime_kv/img/21/33/4/21334_1_8_8b.png?1551423190000
NANA－ナナ－,	https://cs1.anime.dmkt-sp.jp/anime_kv/img/20/51/8/20518_1_8_8b.png?1551261858000
安達としまむら,	https://cs1.anime.dmkt-sp.jp/anime_kv/img/24/29/9/24299_1_8_8b.png?1600337313000
続・終物語,	https://cs1.anime.dmkt-sp.jp/anime_kv/img/22/70/4/22704_1_8_8b.png?1556260313000
灼眼のシャナⅢ-FINAL-,	https://cs1.anime.dmkt-sp.jp/anime_kv/img/10/69/2/10692_1_8_8b.png?1551178551000
この中に1人、妹がいる！,	https://cs1.anime.dmkt-sp.jp/anime_kv/img/11/56/4/11564_1_8_8b.png?1552447893000
ゼロの使い魔 三美姫の輪舞,	https://cs1.anime.dmkt-sp.jp/anime_kv/img/10/32/9/10329_1_8_8b.png?1551177224000
猫物語(黒),	https://cs1.anime.dmkt-sp.jp/anime_kv/img/11/38/0/11380_1_8_8b.png?1551179978000
君に届け　2ND SEASON,	https://cs1.anime.dmkt-sp.jp/anime_kv/img/21/22/0/21220_1_8_8b.png?1551260829000
俺が好きなのは妹だけど妹じゃない,	https://cs1.anime.dmkt-sp.jp/anime_kv/img/22/40/0/22400_1_8_8b.png?1551347650000
ゆるゆり さん☆ハイ！,	https://cs1.anime.dmkt-sp.jp/anime_kv/img/20/36/7/20367_1_8_8b.png?1551267838000
ピーター・グリルと賢者の時間 大賢者ver.,	https://cs1.anime.dmkt-sp.jp/anime_kv/img/24/02/3/24023_1_8_8b.png?1591345836000
灼眼のシャナⅡ(Second),	https://cs1.anime.dmkt-sp.jp/anime_kv/img/10/10/5/10105_1_8_8b.png?1551174544000
だから僕は、Ｈができない。,	https://cs1.anime.dmkt-sp.jp/anime_kv/img/10/68/5/10685_1_8_8b.png?1551179320000
To LOVEる-とらぶる-ダークネス,	https://cs1.anime.dmkt-sp.jp/anime_kv/img/20/91/3/20913_1_8_8b.png?1551266915000
クズの本懐,	https://cs1.anime.dmkt-sp.jp/anime_kv/img/22/18/0/22180_1_8_8b.png?1551347829000
東のエデン,	https://cs1.anime.dmkt-sp.jp/anime_kv/img/11/18/5/11185_1_8_8b.png?1552445537000
新妹魔王の契約者 BURST,	https://cs1.anime.dmkt-sp.jp/anime_kv/img/20/37/4/20374_1_8_8b.png?1551265971000
憑物語,	https://cs1.anime.dmkt-sp.jp/anime_kv/img/20/41/6/20416_1_8_8b.png?1552445714000
うたの☆プリンスさまっ♪ マジLOVE2000％,	https://cs1.anime.dmkt-sp.jp/anime_kv/img/11/58/8/11588_1_8_8b.png?1551353810000
薄桜鬼,	https://cs1.anime.dmkt-sp.jp/anime_kv/img/10/07/4/10074_1_8_8b.png?1551175717000
京都寺町三条のホームズ,	https://cs1.anime.dmkt-sp.jp/anime_kv/img/22/25/3/22253_1_8_8b.png?1551354506000
ツバサ・クロニクル（第1シリーズ）,	/img/img_lazySpace.gif
これはゾンビですか?オブ・ザ・デッド,	/img/img_lazySpace.gif
彼氏彼女の事情,	/img/img_lazySpace.gif
〈物語〉シリーズ セカンドシーズン（第17話～第20話） 鬼物語,	/img/img_lazySpace.gif
〈物語〉シリーズ セカンドシーズン（第7話～第10話） 傾物語,	https://cs1.anime.dmkt-sp.jp/anime_kv/img/20/41/0/20410_1_8_8b.png?1552445164000
のだめカンタービレ　フィナーレ,	https://cs1.anime.dmkt-sp.jp/anime_kv/img/11/19/8/11198_1_8_8b.png?1551182001000
境界線上のホライゾンⅡ,	https://cs1.anime.dmkt-sp.jp/anime_kv/img/11/21/7/11217_1_8_8b.png?1551349034000
イエスタデイをうたって,	https://cs1.anime.dmkt-sp.jp/anime_kv/img/23/75/5/23755_1_8_8b.png?1584605067000
超時空要塞マクロス,	https://cs1.anime.dmkt-sp.jp/anime_kv/img/20/62/6/20626_1_8_8b.png?1551267489000
〈物語〉シリーズ セカンドシーズン（第27話～第31話） 花物語,	https://cs1.anime.dmkt-sp.jp/anime_kv/img/20/41/4/20414_1_8_8b.png?1552445184000
オオカミ少女と黒王子,	https://cs1.anime.dmkt-sp.jp/anime_kv/img/20/44/4/20444_1_8_8b.png?1551267385000
まよチキ!,	https://cs1.anime.dmkt-sp.jp/anime_kv/img/23/66/1/23661_1_8_8b.png?1585647037000
うたの☆プリンスさまっ♪ マジLOVEレジェンドスター,	https://cs1.anime.dmkt-sp.jp/anime_kv/img/21/15/7/21157_1_8_8b.png?1551269779000
星刻の竜騎士,	https://cs1.anime.dmkt-sp.jp/anime_kv/img/11/26/3/11263_1_8_8b.png?1551173662000
のだめカンタービレ 巴里編,	https://cs1.anime.dmkt-sp.jp/anime_kv/img/11/19/7/11197_1_8_8b.png?1552446922000
ゼロの使い魔F,	https://cs1.anime.dmkt-sp.jp/anime_kv/img/10/85/1/10851_1_8_8b.png?1551173524000
琴浦さん,	https://cs1.anime.dmkt-sp.jp/anime_kv/img/10/73/0/10730_1_8_8b.png?1551175748000
緋弾のアリアAA,	https://cs1.anime.dmkt-sp.jp/anime_kv/img/20/38/4/20384_1_8_8b.png?1551264625000
ベルゼブブ嬢のお気に召すまま。,	https://cs1.anime.dmkt-sp.jp/anime_kv/img/22/40/8/22408_1_8_8b.png?1551350513000
SHUFFLE!,	https://cs1.anime.dmkt-sp.jp/anime_kv/img/10/12/4/10124_1_8_8b.png?1551349181000
さんかれあ,	https://cs1.anime.dmkt-sp.jp/anime_kv/img/21/35/1/21351_1_8_8b.png?1551261720000
川柳少女,	https://cs1.anime.dmkt-sp.jp/anime_kv/img/22/72/7/22727_1_8_8b.png?1553650427000
そらのおとしもの,	https://cs1.anime.dmkt-sp.jp/anime_kv/img/10/52/2/10522_1_8_8b.png?1551174273000
うたの☆プリンスさまっ♪ マジLOVEレボリューションズ,	https://cs1.anime.dmkt-sp.jp/anime_kv/img/20/40/5/20405_1_8_8b.png?1551422998000
生徒会役員共＊番外編,	https://cs1.anime.dmkt-sp.jp/anime_kv/img/23/58/2/23582_1_8_8b.png?1607931006000
実は私は,	https://cs1.anime.dmkt-sp.jp/anime_kv/img/20/22/6/20226_1_8_8b.png?1551184213000
あっちこっち,	https://cs1.anime.dmkt-sp.jp/anime_kv/img/21/21/2/21212_1_8_8b.png?1551271313000
ロウきゅーぶ!,	https://cs1.anime.dmkt-sp.jp/anime_kv/img/10/11/0/10110_1_8_8b.png?1551175517000
電波女と青春男,	https://cs1.anime.dmkt-sp.jp/anime_kv/img/21/83/8/21838_1_8_8b.png?1564642963000
セイレン,	https://cs1.anime.dmkt-sp.jp/anime_kv/img/21/38/1/21381_1_8_8b.png?1551265375000
プリンセスラバー!,	https://cs1.anime.dmkt-sp.jp/anime_kv/img/10/07/7/10077_1_8_8b.png?1551183010000
STAR DRIVER 輝きのタクト,	https://cs1.anime.dmkt-sp.jp/anime_kv/img/20/62/1/20621_1_8_8b.png?1551423011000
ピーター・グリルと賢者の時間 通常ver. ,	https://cs1.anime.dmkt-sp.jp/anime_kv/img/24/02/2/24022_1_8_8b.png?1591261207000
ながされて藍蘭島,	https://cs1.anime.dmkt-sp.jp/anime_kv/img/20/14/2/20142_1_8_8b.png?1551423112000
俺の妹がこんなに可愛いわけがない TRUEROUTE,	https://cs1.anime.dmkt-sp.jp/anime_kv/img/10/66/9/10669_1_8_8b.png?1551180793000
citrus,	https://cs1.anime.dmkt-sp.jp/anime_kv/img/21/93/2/21932_1_8_8b.png?1551354553000
マケン姫っ!,	https://cs1.anime.dmkt-sp.jp/anime_kv/img/10/13/0/10130_1_8_8b.png?1551178193000
ココロコネクト,	https://cs1.anime.dmkt-sp.jp/anime_kv/img/22/50/2/22502_1_8_8b.png?1551350806000
棺姫のチャイカ,	https://cs1.anime.dmkt-sp.jp/anime_kv/img/11/23/1/11231_1_8_8b.png?1551423567000
〈物語〉シリーズ セカンドシーズン（第12話～第15話） 囮物語,	https://cs1.anime.dmkt-sp.jp/anime_kv/img/20/41/1/20411_1_8_8b.png?1552447694000
ギヴン,	https://cs1.anime.dmkt-sp.jp/anime_kv/img/24/04/0/24040_1_8_8b.png?1594189886000
ド級編隊エグゼロス,	https://cs1.anime.dmkt-sp.jp/anime_kv/img/24/02/6/24026_1_8_8b.png?1591691679000
美少女戦士セーラームーンCrystal,	https://cs1.anime.dmkt-sp.jp/anime_kv/img/20/94/3/20943_1_8_8b.png?1583915668000
ベルサイユのばら,	https://cs1.anime.dmkt-sp.jp/anime_kv/img/10/30/7/10307_1_8_8b.png?1569981607000
寄宿学校のジュリエット,	https://cs1.anime.dmkt-sp.jp/anime_kv/img/23/03/2/23032_1_8_8b.png?1578362698000
群れなせ！シートン学園,	https://cs1.anime.dmkt-sp.jp/anime_kv/img/23/17/5/23175_1_8_8b.png?1575871469000
アスラクライン,	https://cs1.anime.dmkt-sp.jp/anime_kv/img/10/21/1/10211_1_8_8b.png?1551181744000
アマガミSS+ plus,	https://cs1.anime.dmkt-sp.jp/anime_kv/img/20/44/8/20448_1_8_8b.png?1551264780000
そらのおとしものf,	https://cs1.anime.dmkt-sp.jp/anime_kv/img/10/52/3/10523_1_8_8b.png?1551180185000
真剣で私に恋しなさい!! (放送版),	https://cs1.anime.dmkt-sp.jp/anime_kv/img/10/57/6/10576_1_8_8b.png?1552445364000
天地無用！GXP,	https://cs1.anime.dmkt-sp.jp/anime_kv/img/11/53/3/11533_1_8_8b.png?1552446829000
おーばーふろぉ【オンエア版】,	https://cs1.anime.dmkt-sp.jp/anime_kv/img/23/17/9/23179_1_8_8b.png?1575598298000
オオカミさんと七人の仲間たち,	https://cs1.anime.dmkt-sp.jp/anime_kv/img/10/67/0/10670_1_8_8b.png?1552447769000
kiss×sis,	https://cs1.anime.dmkt-sp.jp/anime_kv/img/22/74/9/22749_1_8_8b.png?1555576283000
「俺の妹がこんなに可愛いわけがない。」TV未放送 第14話～最終回第16話,	https://cs1.anime.dmkt-sp.jp/anime_kv/img/10/95/0/10950_1_8_8b.png?1551176308000
LOVE STAGE!!,	https://cs1.anime.dmkt-sp.jp/anime_kv/img/11/37/2/11372_1_8_8b.png?1551177354000
おまもりひまり,	/img/img_lazySpace.gif
風夏,	/img/img_lazySpace.gif
ラーゼフォン,	/img/img_lazySpace.gif
銃皇無尽のファフニール,	/img/img_lazySpace.gif
真月譚　月姫,	/img/img_lazySpace.gif
えむえむっ！,	/img/img_lazySpace.gif
白猫プロジェクト ZERO CHRONICLE,	https://cs1.anime.dmkt-sp.jp/anime_kv/img/23/65/4/23654_1_8_8b.png?1584006513000
いなり、こんこん、恋いろは。,	https://cs1.anime.dmkt-sp.jp/anime_kv/img/11/41/0/11410_1_8_8b.png?1551184685000
黄昏乙女×アムネジア,	https://cs1.anime.dmkt-sp.jp/anime_kv/img/11/40/3/11403_1_8_8b.png?1552445822000
伯爵と妖精,	https://cs1.anime.dmkt-sp.jp/anime_kv/img/20/12/5/20125_1_8_8b.png?1551177067000
Kanon,	https://cs1.anime.dmkt-sp.jp/anime_kv/img/20/33/0/20330_1_8_8b.png?1551266191000
AIR,	https://cs1.anime.dmkt-sp.jp/anime_kv/img/20/33/1/20331_1_8_8b.png?1551262971000
ご愁傷さま二ノ宮くん,	https://cs1.anime.dmkt-sp.jp/anime_kv/img/10/06/7/10067_1_8_8b.png?1551175947000
薄桜鬼碧血録　全10話＋特別編,	https://cs1.anime.dmkt-sp.jp/anime_kv/img/10/14/7/10147_1_8_8b.png?1551182802000
涼風,	https://cs1.anime.dmkt-sp.jp/anime_kv/img/11/15/6/11156_1_8_8b.png?1551180871000
明治東亰恋伽,	https://cs1.anime.dmkt-sp.jp/anime_kv/img/22/53/7/22537_1_8_8b.png?1551348033000
ひぐらしのなく頃に礼,	https://cs1.anime.dmkt-sp.jp/anime_kv/img/11/14/7/11147_1_8_8b.png?1551179813000
世界征服～謀略のズヴィズダー～,	https://cs1.anime.dmkt-sp.jp/anime_kv/img/11/12/7/11127_1_8_8b.png?1551420094000
神々の悪戯(あそび),	https://cs1.anime.dmkt-sp.jp/anime_kv/img/11/24/8/11248_1_8_8b.png?1551176487000
パパのいうことを聞きなさい！,	https://cs1.anime.dmkt-sp.jp/anime_kv/img/22/75/0/22750_1_8_8b.png?1555576250000
ツバサ・クロニクル（第2シリーズ）,	https://cs1.anime.dmkt-sp.jp/anime_kv/img/10/26/8/10268_1_8_8b.png?1551183997000
魔法先生ネギま！,	https://cs1.anime.dmkt-sp.jp/anime_kv/img/20/56/8/20568_1_8_8b.png?1551263472000
じみへんっ!!～地味子を変えちゃう純異性交遊～【オンエア版】,	/img/img_lazySpace.gif
戦刻ナイトブラッド,	/img/img_lazySpace.gif
シュヴァルツェスマーケン,	https://cs1.anime.dmkt-sp.jp/anime_kv/img/20/55/6/20556_1_8_8b.png?1551423101000
CONCEPTION,	https://cs1.anime.dmkt-sp.jp/anime_kv/img/22/41/9/22419_1_8_8b.png?1551353919000
天地無用!,	https://cs1.anime.dmkt-sp.jp/anime_kv/img/10/35/6/10356_1_8_8b.png?1551176264000
ニル・アドミラリの天秤,	https://cs1.anime.dmkt-sp.jp/anime_kv/img/22/07/8/22078_1_8_8b.png?1551350049000
ノーゲーム・ノーライフ ゼロ,	https://cs1.anime.dmkt-sp.jp/anime_kv/img/23/97/6/23976_1_8_8b.png?1588237347000
スクールランブル,	https://cs1.anime.dmkt-sp.jp/anime_kv/img/11/03/3/11033_1_8_8b.png?1551184055000
あの夏で待ってる,	https://cs1.anime.dmkt-sp.jp/anime_kv/img/20/33/4/20334_1_8_8b.png?1551265306000
おくさまが生徒会長！,	https://cs1.anime.dmkt-sp.jp/anime_kv/img/20/17/2/20172_1_8_8b.png?1551175037000
ましろ色シンフォニー,	https://cs1.anime.dmkt-sp.jp/anime_kv/img/10/07/9/10079_1_8_8b.png?1551179968000
ネコぱら,	https://cs1.anime.dmkt-sp.jp/anime_kv/img/23/16/4/23164_1_8_8b.png?1576641911000
あそびにいくヨ！,	/img/img_lazySpace.gif
劇場版 あの日見た花の名前を僕達はまだ知らない。,	/img/img_lazySpace.gif
満月をさがして,	https://cs1.anime.dmkt-sp.jp/anime_kv/img/20/91/5/20915_1_8_8b.png?1551266882000
R-15,	https://cs1.anime.dmkt-sp.jp/anime_kv/img/10/13/1/10131_1_8_8b.png?1551183846000
ノブナガ先生の幼な妻,	https://cs1.anime.dmkt-sp.jp/anime_kv/img/22/67/9/22679_1_8_8b.png?1553666502000
フリージング,	https://cs1.anime.dmkt-sp.jp/anime_kv/img/11/04/6/11046_1_8_8b.png?1551175550000
アルカナ・ファミリア,	https://cs1.anime.dmkt-sp.jp/anime_kv/img/10/51/4/10514_1_8_8b.png?1551181191000
ロウきゅーぶ！SS,	https://cs1.anime.dmkt-sp.jp/anime_kv/img/10/88/4/10884_1_8_8b.png?1551175286000
DIABOLIK LOVERS,	https://cs1.anime.dmkt-sp.jp/anime_kv/img/11/00/0/11000_1_8_8b.png?1551181233000
覆面系ノイズ,	/img/img_lazySpace.gif
ドメスティックな彼女,	https://cs1.anime.dmkt-sp.jp/anime_kv/img/24/21/7/24217_1_8_8b.png?1597719608000
おねがいマイメロディ,	https://cs1.anime.dmkt-sp.jp/anime_kv/img/20/94/6/20946_1_8_8b.png?1551270208000
BROTHERS CONFLICT,	https://cs1.anime.dmkt-sp.jp/anime_kv/img/21/38/3/21383_1_8_8b.png?1551423685000
こばと。,	https://cs1.anime.dmkt-sp.jp/anime_kv/img/10/34/6/10346_1_8_8b.png?1551422834000
ストロベリー・パニック,	https://cs1.anime.dmkt-sp.jp/anime_kv/img/10/03/0/10030_1_8_8b.png?1551177280000
百花繚乱 サムライガールズ,	https://cs1.anime.dmkt-sp.jp/anime_kv/img/10/84/5/10845_1_8_8b.png?1551184697000
"ReLIFE""完結編""",	https://cs1.anime.dmkt-sp.jp/anime_kv/img/22/73/4/22734_1_8_8b.png?1553567427000
乃木坂春香の秘密,	https://cs1.anime.dmkt-sp.jp/anime_kv/img/10/00/4/10004_1_8_8b.png?1550563252000
旦那が何を言っているかわからない件,	https://cs1.anime.dmkt-sp.jp/anime_kv/img/20/11/5/20115_1_8_8b.png?1551173898000
ワルキューレロマンツェ,	https://cs1.anime.dmkt-sp.jp/anime_kv/img/11/02/1/11021_1_8_8b.png?1551179445000
失われた未来を求めて,	https://cs1.anime.dmkt-sp.jp/anime_kv/img/11/47/4/11474_1_8_8b.png?1552446819000
あかね色に染まる坂,	https://cs1.anime.dmkt-sp.jp/anime_kv/img/10/15/2/10152_1_8_8b.png?1551181926000
アスタロッテのおもちゃ!,	https://cs1.anime.dmkt-sp.jp/anime_kv/img/10/12/2/10122_1_8_8b.png?1551181636000
魔道祖師,	https://cs1.anime.dmkt-sp.jp/anime_kv/img/24/45/6/24456_1_8_8b.png?1608175968000
シュガシュガルーン,	https://cs1.anime.dmkt-sp.jp/anime_kv/img/11/29/9/11299_1_8_8b.png?1551177638000
UQ HOLDER! ～魔法先生ネギま！2～,	https://cs1.anime.dmkt-sp.jp/anime_kv/img/21/83/1/21831_1_8_8b.png?1551347613000
Code：Realize ～創世の姫君～,	https://cs1.anime.dmkt-sp.jp/anime_kv/img/21/81/0/21810_1_8_8b.png?1551352526000
マリア様がみてる,	https://cs1.anime.dmkt-sp.jp/anime_kv/img/20/04/6/20046_1_8_8b.png?1551180535000
ネギま！？,	https://cs1.anime.dmkt-sp.jp/anime_kv/img/20/56/7/20567_1_8_8b.png?1551263214000
棺姫のチャイカ AVENGING BATTLE,	https://cs1.anime.dmkt-sp.jp/anime_kv/img/11/46/8/11468_1_8_8b.png?1551182983000
桜Trick,	https://cs1.anime.dmkt-sp.jp/anime_kv/img/21/21/3/21213_1_8_8b.png?1551270803000
初恋モンスター,	https://cs1.anime.dmkt-sp.jp/anime_kv/img/20/99/1/20991_1_8_8b.png?1551267247000
なんでここに先生が!?＜完全版＞,	https://cs1.anime.dmkt-sp.jp/anime_kv/img/24/38/5/24385_1_8_8b.png?1605582035000
君のいる町,	https://cs1.anime.dmkt-sp.jp/anime_kv/img/21/29/3/21293_1_8_8b.png?1551262268000
ひぐらしのなく頃に煌,	https://cs1.anime.dmkt-sp.jp/anime_kv/img/11/14/8/11148_1_8_8b.png?1551424050000
護くんに女神の祝福を！,	https://cs1.anime.dmkt-sp.jp/anime_kv/img/10/39/7/10397_1_8_8b.png?1551353687000
FORTUNE ARTERIAL　赤い約束,	https://cs1.anime.dmkt-sp.jp/anime_kv/img/10/51/6/10516_1_8_8b.png?1551184146000
アスラクライン2,	https://cs1.anime.dmkt-sp.jp/anime_kv/img/10/21/2/10212_1_8_8b.png?1551179246000
かりん,	https://cs1.anime.dmkt-sp.jp/anime_kv/img/10/02/5/10025_1_8_8b.png?1551178910000
ラブひな,	https://cs1.anime.dmkt-sp.jp/anime_kv/img/20/42/6/20426_1_8_8b.png?1551261980000
海月姫,	/img/img_lazySpace.gif
涼宮ハルヒの消失,	/img/img_lazySpace.gif
ロミオ×ジュリエット,	https://cs1.anime.dmkt-sp.jp/anime_kv/img/10/05/5/10055_1_8_8b.png?1551421362000
To LOVEる-とらぶる- ダークネス2nd,	https://cs1.anime.dmkt-sp.jp/anime_kv/img/23/62/1/23621_1_8_8b.png?1582249045000
学園アリス,	https://cs1.anime.dmkt-sp.jp/anime_kv/img/22/17/0/22170_1_8_8b.png?1551354710000
星空へ架かる橋,	https://cs1.anime.dmkt-sp.jp/anime_kv/img/10/31/8/10318_1_8_8b.png?1551182626000
薄桜鬼 黎明録,	https://cs1.anime.dmkt-sp.jp/anime_kv/img/10/51/5/10515_1_8_8b.png?1551183034000
西洋骨董洋菓子店 ～アンティーク～,	https://cs1.anime.dmkt-sp.jp/anime_kv/img/11/18/1/11181_1_8_8b.png?1552447439000
まぶらほ[TVシリーズ],	https://cs1.anime.dmkt-sp.jp/anime_kv/img/10/61/8/10618_1_8_8b.png?1551177716000
じょしおちっ！～2階から女の子が…降ってきた！？～【オンエア版】,	https://cs1.anime.dmkt-sp.jp/anime_kv/img/22/38/2/22382_1_8_8b.png?1551347576000
ピーチガール,	https://cs1.anime.dmkt-sp.jp/anime_kv/img/11/17/3/11173_1_8_8b.png?1551176726000
美少女戦士セーラームーンCrystal 第3期＜デス・バスターズ編＞,	https://cs1.anime.dmkt-sp.jp/anime_kv/img/20/93/9/20939_1_8_8b.png?1551262257000
おとめ妖怪 ざくろ,	https://cs1.anime.dmkt-sp.jp/anime_kv/img/21/47/2/21472_1_8_8b.png?1551420899000
舞-HiME,	https://cs1.anime.dmkt-sp.jp/anime_kv/img/20/15/8/20158_1_8_8b.png?1551180374000
ああっ女神さまっ,	https://cs1.anime.dmkt-sp.jp/anime_kv/img/23/62/8/23628_1_8_8b.png?1582249391000
スクールランブル二学期,	https://cs1.anime.dmkt-sp.jp/anime_kv/img/11/06/9/11069_1_8_8b.png?1551183767000
マケン姫っ！通,	https://cs1.anime.dmkt-sp.jp/anime_kv/img/11/41/1/11411_1_8_8b.png?1551173887000
マジきゅんっ！ルネッサンス,	https://cs1.anime.dmkt-sp.jp/anime_kv/img/21/19/1/21191_1_8_8b.png?1551270368000
あっくんとカノジョ,	https://cs1.anime.dmkt-sp.jp/anime_kv/img/22/09/9/22099_1_8_8b.png?1551348683000
乃木坂春香の秘密 ぴゅあれっつぁ♪,	https://cs1.anime.dmkt-sp.jp/anime_kv/img/10/00/8/10008_1_8_8b.png?1550563263000
DIABOLIK LOVERS MORE,BLOOD,	https://cs1.anime.dmkt-sp.jp/anime_kv/img/20/38/7/20387_1_8_8b.png?1551266202000
おねがいマイメロディ ～くるくるシャッフル！～,	https://cs1.anime.dmkt-sp.jp/anime_kv/img/20/94/7/20947_1_8_8b.png?1551267746000
D.C.～ダ・カーポ～,	https://cs1.anime.dmkt-sp.jp/anime_kv/img/10/95/5/10955_1_8_8b.png?1551184593000
バカとテストと召喚獣 ～祭～,	https://cs1.anime.dmkt-sp.jp/anime_kv/img/10/09/9/10099_1_8_8b.png?1551173924000
東京ミュウミュウ,	https://cs1.anime.dmkt-sp.jp/anime_kv/img/23/12/2/23122_1_8_8b.png?1573549343000
旦那が何を言っているかわからない件 2スレ目,	https://cs1.anime.dmkt-sp.jp/anime_kv/img/20/11/4/20114_1_8_8b.png?1551182428000
舞-乙HiME,	https://cs1.anime.dmkt-sp.jp/anime_kv/img/20/29/7/20297_1_8_8b.png?1551266129000
にゃんこい！,	https://cs1.anime.dmkt-sp.jp/anime_kv/img/23/64/6/23646_1_8_8b.png?1587366094000
おくさまが生徒会長!+!,	/img/img_lazySpace.gif
true tears,	/img/img_lazySpace.gif
GIRLSブラボー first season,	https://cs1.anime.dmkt-sp.jp/anime_kv/img/10/33/3/10333_1_8_8b.png?1551180175000
シャイニング・ハーツ ～幸せのパン～,	https://cs1.anime.dmkt-sp.jp/anime_kv/img/11/10/3/11103_1_8_8b.png?1552446462000
巨人族の花嫁【オンエア版】,	https://cs1.anime.dmkt-sp.jp/anime_kv/img/23/99/4/23994_1_8_8b.png?1593486008000
マリア様がみてる～春～,	https://cs1.anime.dmkt-sp.jp/anime_kv/img/20/04/7/20047_1_8_8b.png?1551179095000
いぬかみっ！,	https://cs1.anime.dmkt-sp.jp/anime_kv/img/22/81/6/22816_1_8_8b.png?1562115690000
美少女戦士セーラームーンR,	https://cs1.anime.dmkt-sp.jp/anime_kv/img/24/43/1/24431_1_8_8b.png?1607059806000
マリア様がみてる　４ｔｈシーズン,	https://cs1.anime.dmkt-sp.jp/anime_kv/img/20/04/9/20049_1_8_8b.png?1551178629000
WHITE ALBUM,	https://cs1.anime.dmkt-sp.jp/anime_kv/img/23/14/8/23148_1_8_8b.png?1575882132000
あまえないでよっ!!,	https://cs1.anime.dmkt-sp.jp/anime_kv/img/10/23/2/10232_1_8_8b.png?1551174631000
アオハライド,	https://cs1.anime.dmkt-sp.jp/anime_kv/img/24/25/6/24256_1_8_8b.png?1599463808000
百花繚乱 サムライブライド,	https://cs1.anime.dmkt-sp.jp/anime_kv/img/20/08/4/20084_1_8_8b.png?1551176958000
金色のコルダ～primo passo～,	https://cs1.anime.dmkt-sp.jp/anime_kv/img/20/61/9/20619_1_8_8b.png?1551263181000
ユリ熊嵐,	https://cs1.anime.dmkt-sp.jp/anime_kv/img/11/60/7/11607_1_8_8b.png?1551176620000
いちご100％,	https://cs1.anime.dmkt-sp.jp/anime_kv/img/24/19/1/24191_1_8_8b.png?1597289408000
天地無用！魎皇鬼 第三期,	https://cs1.anime.dmkt-sp.jp/anime_kv/img/11/53/4/11534_1_8_8b.png?1552447093000
シスター・プリンセス,	https://cs1.anime.dmkt-sp.jp/anime_kv/img/10/05/6/10056_1_8_8b.png?1551175969000
超可動ガール1/6,	https://cs1.anime.dmkt-sp.jp/anime_kv/img/22/68/9/22689_1_8_8b.png?1552879850000
夏雪ランデブー,	https://cs1.anime.dmkt-sp.jp/anime_kv/img/11/21/0/11210_1_8_8b.png?1552447185000
恋とプロデューサー～EVOL×LOVE～,	https://cs1.anime.dmkt-sp.jp/anime_kv/img/24/10/6/24106_1_8_8b.png?1594004407000
理系が恋に落ちたので証明してみた。,	https://cs1.anime.dmkt-sp.jp/anime_kv/img/24/53/3/24533_1_8_8b.png?1613444406000
立花館To Lieあんぐる,	https://cs1.anime.dmkt-sp.jp/anime_kv/img/22/07/9/22079_1_8_8b.png?1551349658000
いつか天魔の黒ウサギ,	https://cs1.anime.dmkt-sp.jp/anime_kv/img/10/39/9/10399_1_8_8b.png?1551178139000
ダメプリ ANIME CARAVAN,	https://cs1.anime.dmkt-sp.jp/anime_kv/img/21/91/6/21916_1_8_8b.png?1551349828000
俺たちに翼はない,	https://cs1.anime.dmkt-sp.jp/anime_kv/img/10/31/7/10317_1_8_8b.png?1551174621000
断裁分離のクライムエッジ,	https://cs1.anime.dmkt-sp.jp/anime_kv/img/22/11/5/22115_1_8_8b.png?1551351534000
『Starry☆Sky』,	https://cs1.anime.dmkt-sp.jp/anime_kv/img/10/15/1/10151_1_8_8b.png?1551182898000
Myself ; Yourself,	https://cs1.anime.dmkt-sp.jp/anime_kv/img/10/31/6/10316_1_8_8b.png?1551180490000
スカートの中はケダモノでした。【オンエア版】,	https://cs1.anime.dmkt-sp.jp/anime_kv/img/21/98/4/21984_1_8_8b.png?1551422620000
D・N・ANGEL,	https://cs1.anime.dmkt-sp.jp/anime_kv/img/10/04/4/10044_1_8_8b.png?1551179279000
終電後、カプセルホテルで、上司に微熱伝わる夜。【オンエア版】,	https://cs1.anime.dmkt-sp.jp/anime_kv/img/22/52/3/22523_1_8_8b.png?1551347179000
超訳百人一首 うた恋い。,	https://cs1.anime.dmkt-sp.jp/anime_kv/img/11/56/0/11560_1_8_8b.png?1591867876000
恋愛ラボ,	https://cs1.anime.dmkt-sp.jp/anime_kv/img/23/97/7/23977_1_8_8b.png?1589853689000
美少女戦士セーラームーン セーラースターズ,	https://cs1.anime.dmkt-sp.jp/anime_kv/img/24/43/4/24434_1_8_8b.png?1607059877000
東のエデン 劇場版I The King of Eden,	https://cs1.anime.dmkt-sp.jp/anime_kv/img/20/32/3/20323_1_8_8b.png?1551266708000
金色のコルダ　Blue♪Sky,	https://cs1.anime.dmkt-sp.jp/anime_kv/img/11/26/7/11267_1_8_8b.png?1552447653000
タユタマ - Kiss on my Deity -,	https://cs1.anime.dmkt-sp.jp/anime_kv/img/10/15/9/10159_1_8_8b.png?1551178640000
planetarian ～ちいさなほしのゆめ～,	https://cs1.anime.dmkt-sp.jp/anime_kv/img/20/98/4/20984_1_8_8b.png?1551266799000
俺の指で乱れろ。～閉店後二人きりのサロンで...～【オンエア版】,	https://cs1.anime.dmkt-sp.jp/anime_kv/img/23/65/8/23658_1_8_8b.png?1583379066000
エタニティ　～深夜の濡恋ちゃんねる♡～《通常版》,	/img/img_lazySpace.gif
劇場版デート・ア・ライブ 万由里ジャッジメント,	/img/img_lazySpace.gif
kiss×sis OAD,	https://cs1.anime.dmkt-sp.jp/anime_kv/img/23/94/6/23946_1_8_8b.png?1605582057000
XL上司。【オンエア版】,	https://cs1.anime.dmkt-sp.jp/anime_kv/img/23/01/5/23015_1_8_8b.png?1568091689000
映画 中二病でも恋がしたい！ -Take On Me-,	https://cs1.anime.dmkt-sp.jp/anime_kv/img/23/44/4/23444_1_8_8b.png?1580720926000
TVアニメ「いつだって僕らの恋は10センチだった。」,	https://cs1.anime.dmkt-sp.jp/anime_kv/img/22/74/6/22746_1_8_8b.png?1555468255000
美少女戦士セーラームーンS,	https://cs1.anime.dmkt-sp.jp/anime_kv/img/24/43/2/24432_1_8_8b.png?1607059834000
恋と選挙とチョコレート,	https://cs1.anime.dmkt-sp.jp/anime_kv/img/10/64/8/10648_1_8_8b.png?1582249710000
まじもじるるも,	https://cs1.anime.dmkt-sp.jp/anime_kv/img/20/35/1/20351_1_8_8b.png?1551267647000
One Room,	https://cs1.anime.dmkt-sp.jp/anime_kv/img/21/36/1/21361_1_8_8b.png?1551264409000
フラクタル,	https://cs1.anime.dmkt-sp.jp/anime_kv/img/11/20/0/11200_1_8_8b.png?1552447521000
謎の彼女X,	https://cs1.anime.dmkt-sp.jp/anime_kv/img/22/83/2/22832_1_8_8b.png?1559808030000
美少女戦士セーラームーンSuperS,	https://cs1.anime.dmkt-sp.jp/anime_kv/img/24/43/3/24433_1_8_8b.png?1607059855000
大人にゃ恋の仕方がわからねぇ！【オンエア版】,	https://cs1.anime.dmkt-sp.jp/anime_kv/img/24/24/6/24246_1_8_8b.png?1599037589000
姫ちゃんのリボン,	https://cs1.anime.dmkt-sp.jp/anime_kv/img/22/80/8/22808_1_8_8b.png?1559887312000
劇場版トリニティセブン -悠久図書館と錬金術少女-,	https://cs1.anime.dmkt-sp.jp/anime_kv/img/21/47/3/21473_1_8_8b.png?1551262604000
ああっ女神さまっ　それぞれの翼,	https://cs1.anime.dmkt-sp.jp/anime_kv/img/23/62/9/23629_1_8_8b.png?1583111491000
秒速5センチメートル,	https://cs1.anime.dmkt-sp.jp/anime_kv/img/10/67/7/10677_1_8_8b.png?1551181938000
洗い屋さん！～俺とアイツが女湯で！？～【オンエア版】,	/img/img_lazySpace.gif
東のエデン 劇場版II Paradise Lost,	/img/img_lazySpace.gif
ヴァンパイア騎士,	/img/img_lazySpace.gif
劇場版 生徒会役員共,	/img/img_lazySpace.gif
劇場版 世界一初恋～横澤隆史の場合～,	https://cs1.anime.dmkt-sp.jp/anime_kv/img/20/00/1/20001_1_8_8b.png?1551174205000
藍より青し,	https://cs1.anime.dmkt-sp.jp/anime_kv/img/23/27/8/23278_1_8_8b.png?1581476488000
〈物語〉シリーズ セカンドシーズン（第6話・第11話・第16話） 総集編,	https://cs1.anime.dmkt-sp.jp/anime_kv/img/20/41/5/20415_1_8_8b.png?1552444810000
グリーングリーン,	https://cs1.anime.dmkt-sp.jp/anime_kv/img/10/95/9/10959_1_8_8b.png?1551178565000
夜は短し歩けよ乙女,	https://cs1.anime.dmkt-sp.jp/anime_kv/img/22/14/8/22148_1_8_8b.png?1552445343000
あまえないでよっ!!喝!!,	https://cs1.anime.dmkt-sp.jp/anime_kv/img/10/23/3/10233_1_8_8b.png?1551184008000
D.C.S.S.～ダ・カーポ セカンドシーズン～,	https://cs1.anime.dmkt-sp.jp/anime_kv/img/10/95/6/10956_1_8_8b.png?1551181223000
宙のまにまに,	https://cs1.anime.dmkt-sp.jp/anime_kv/img/20/45/5/20455_1_8_8b.png?1551268087000
ケンコー全裸系水泳部 ウミショー,	https://cs1.anime.dmkt-sp.jp/anime_kv/img/10/94/2/10942_1_8_8b.png?1551175121000
守護月天！,	https://cs1.anime.dmkt-sp.jp/anime_kv/img/23/08/6/23086_1_8_8b.png?1574411464000
劇場版　はいからさんが通る　前編　～紅緒、花の17歳～,	https://cs1.anime.dmkt-sp.jp/anime_kv/img/22/33/2/22332_1_8_8b.png?1551351121000
僧侶と交わる色欲の夜に…【オンエア版】,	https://cs1.anime.dmkt-sp.jp/anime_kv/img/21/77/5/21775_1_8_8b.png?1551348866000
ニセコイOVA,	https://cs1.anime.dmkt-sp.jp/anime_kv/img/23/18/0/23180_1_8_8b.png?1576045807000
はいからさんが通る,	https://cs1.anime.dmkt-sp.jp/anime_kv/img/22/94/2/22942_1_8_8b.png?1565674232000
神無月の巫女,	https://cs1.anime.dmkt-sp.jp/anime_kv/img/10/29/8/10298_1_8_8b.png?1551176377000
たまこラブストーリー,	https://cs1.anime.dmkt-sp.jp/anime_kv/img/23/44/8/23448_1_8_8b.png?1580720823000
ノラと皇女と野良猫ハート,	https://cs1.anime.dmkt-sp.jp/anime_kv/img/22/14/4/22144_1_8_8b.png?1551353637000
新妹魔王の契約者 DEPARTURES,	https://cs1.anime.dmkt-sp.jp/anime_kv/img/23/98/1/23981_1_8_8b.png?1589765440000
劇場版  はいからさんが通る 後編　～花の東京大ロマン～,	https://cs1.anime.dmkt-sp.jp/anime_kv/img/22/70/7/22707_1_8_8b.png?1556179207000
はぴねす!,	https://cs1.anime.dmkt-sp.jp/anime_kv/img/10/15/7/10157_1_8_8b.png?1551184076000
けんぷファー,	https://cs1.anime.dmkt-sp.jp/anime_kv/img/23/62/5/23625_1_8_8b.png?1582249413000
パパだって、したい【オンエア版】,	https://cs1.anime.dmkt-sp.jp/anime_kv/img/22/64/7/22647_1_8_8b.png?1550827808000
ヴァンパイア騎士Guilty,	https://cs1.anime.dmkt-sp.jp/anime_kv/img/24/02/9/24029_1_8_8b.png?1601024509000
ヲタクに恋は難しい OAD,	https://cs1.anime.dmkt-sp.jp/anime_kv/img/24/12/0/24120_1_8_8b.png?1593740113000
ダーティペア,	https://cs1.anime.dmkt-sp.jp/anime_kv/img/20/43/9/20439_1_8_8b.png?1552447418000
One Room セカンドシーズン,	https://cs1.anime.dmkt-sp.jp/anime_kv/img/22/27/1/22271_1_8_8b.png?1551354310000
ずっと前から好きでした。～告白実行委員会～,	https://cs1.anime.dmkt-sp.jp/anime_kv/img/22/75/3/22753_1_8_8b.png?1555318826000
お見合い相手は教え子、強気な、問題児。【オンエア版】,	https://cs1.anime.dmkt-sp.jp/anime_kv/img/21/98/6/21986_1_8_8b.png?1551352581000
夏のあらし！,	https://cs1.anime.dmkt-sp.jp/anime_kv/img/20/14/7/20147_1_8_8b.png?1551184625000
ちょびっツ,	https://cs1.anime.dmkt-sp.jp/anime_kv/img/23/63/9/23639_1_8_8b.png?1582248768000
劇場版 薄桜鬼 第一章 京都乱舞,	https://cs1.anime.dmkt-sp.jp/anime_kv/img/20/43/6/20436_1_8_8b.png?1551260180000
劇場版 トリニティセブン -天空図書館と真紅の魔王-,	https://cs1.anime.dmkt-sp.jp/anime_kv/img/22/53/0/22530_1_8_8b.png?1552617008000
働きマン,	https://cs1.anime.dmkt-sp.jp/anime_kv/img/11/20/4/11204_1_8_8b.png?1552446024000
マリア様がみてる　OVA,	https://cs1.anime.dmkt-sp.jp/anime_kv/img/20/04/8/20048_1_8_8b.png?1551182649000
小鳥遊六花･改 ～劇場版 中二病でも恋がしたい!～,	https://cs1.anime.dmkt-sp.jp/anime_kv/img/23/44/7/23447_1_8_8b.png?1580720494000
25歳の女子高生【オンエア版】,	https://cs1.anime.dmkt-sp.jp/anime_kv/img/22/17/3/22173_1_8_8b.png?1551352117000
ゆるゆり　なちゅやちゅみ！,	https://cs1.anime.dmkt-sp.jp/anime_kv/img/20/08/5/20085_1_8_8b.png?1551179288000
プリズム・アーク,	https://cs1.anime.dmkt-sp.jp/anime_kv/img/10/45/9/10459_1_8_8b.png?1551184111000
甘い懲罰～私は看守専用ペット【オンエア版】,	https://cs1.anime.dmkt-sp.jp/anime_kv/img/22/30/1/22301_1_8_8b.png?1551349638000
あさがおと加瀬さん。,	https://cs1.anime.dmkt-sp.jp/anime_kv/img/22/66/2/22662_1_8_8b.png?1551056412000
GIRLSブラボー second season,	https://cs1.anime.dmkt-sp.jp/anime_kv/img/10/33/5/10335_1_8_8b.png?1551181582000
D.C.Ⅱ.S.S.～ダ・カーポⅡセカンドシーズン～,	https://cs1.anime.dmkt-sp.jp/anime_kv/img/10/95/2/10952_1_8_8b.png?1551183480000
京四郎と永遠の空,	https://cs1.anime.dmkt-sp.jp/anime_kv/img/10/18/9/10189_1_8_8b.png?1551181571000
WHITE ALBUM2,	https://cs1.anime.dmkt-sp.jp/anime_kv/img/24/47/5/24475_1_8_8b.png?1610587850000
D.C.Ⅱ ～ダ・カーポⅡ～,	https://cs1.anime.dmkt-sp.jp/anime_kv/img/10/95/1/10951_1_8_8b.png?1551183802000
おにいさまへ・・・,	https://cs1.anime.dmkt-sp.jp/anime_kv/img/11/44/7/11447_1_8_8b.png?1551181668000
スカーレッドライダーゼクス,	https://cs1.anime.dmkt-sp.jp/anime_kv/img/21/01/3/21013_1_8_8b.png?1551267040000
天地無用！魎皇鬼／番外篇,	https://cs1.anime.dmkt-sp.jp/anime_kv/img/23/27/6/23276_1_8_8b.png?1581476531000
この青空に約束を―～ようこそつぐみ寮へ～,	https://cs1.anime.dmkt-sp.jp/anime_kv/img/10/15/5/10155_1_8_8b.png?1551176220000
オオカミさんは食べられたい【オンエア版】,	https://cs1.anime.dmkt-sp.jp/anime_kv/img/24/18/6/24186_1_8_8b.png?1596506429000
源氏物語千年紀Genji,	https://cs1.anime.dmkt-sp.jp/anime_kv/img/11/18/4/11184_1_8_8b.png?1552447573000
Paradise Kiss,	https://cs1.anime.dmkt-sp.jp/anime_kv/img/11/18/7/11187_1_8_8b.png?1552447377000
ToHeart2,	https://cs1.anime.dmkt-sp.jp/anime_kv/img/10/24/4/10244_1_8_8b.png?1551175239000
ef - a tale of memories.,	https://cs1.anime.dmkt-sp.jp/anime_kv/img/23/25/8/23258_1_8_8b.png?1581476462000
灼眼のシャナS(OVA),	https://cs1.anime.dmkt-sp.jp/anime_kv/img/10/10/6/10106_1_8_8b.png?1551184065000
らいむいろ戦奇譚,	https://cs1.anime.dmkt-sp.jp/anime_kv/img/10/03/4/10034_1_8_8b.png?1551182470000
通霊姫,	https://cs1.anime.dmkt-sp.jp/anime_kv/img/23/22/2/23222_1_8_8b.png?1579593683000
夏のあらし！～春夏冬中～,	https://cs1.anime.dmkt-sp.jp/anime_kv/img/20/14/8/20148_1_8_8b.png?1551184483000
劇場版 薄桜鬼 第二章 士魂蒼穹,	https://cs1.anime.dmkt-sp.jp/anime_kv/img/20/43/7/20437_1_8_8b.png?1551270691000
劇場版 美少女戦士セーラームーンR,	https://cs1.anime.dmkt-sp.jp/anime_kv/img/11/05/2/11052_1_8_8b.png?1551179422000
SHUFFLE!MEMORIES,	https://cs1.anime.dmkt-sp.jp/anime_kv/img/10/12/5/10125_1_8_8b.png?1551176167000
ファンタジックチルドレン,	https://cs1.anime.dmkt-sp.jp/anime_kv/img/11/52/8/11528_1_8_8b.png?1551177056000
好きになるその瞬間を。～告白実行委員会～,	https://cs1.anime.dmkt-sp.jp/anime_kv/img/22/75/4/22754_1_8_8b.png?1555318807000
AMNESIA,	https://cs1.anime.dmkt-sp.jp/anime_kv/img/21/85/4/21854_1_8_8b.png?1581305675000
ケメコデラックス!,	https://cs1.anime.dmkt-sp.jp/anime_kv/img/10/00/6/10006_1_8_8b.png?1550563291000
双恋,	/img/img_lazySpace.gif
乃木坂春香の秘密 ふぃな～れ♪,	/img/img_lazySpace.gif
魔法先生ネギま! 〜もうひとつの世界〜,	/img/img_lazySpace.gif
Bonjour♪恋味パティスリー,	/img/img_lazySpace.gif
スタードライバー THE MOVIE,	/img/img_lazySpace.gif
LOVE・LOVE?,	/img/img_lazySpace.gif
這いよれ！ ニャル子さんF,	/img/img_lazySpace.gif
｢HAPPY☆LESSON｣ THE TV,	/img/img_lazySpace.gif
Canvas2～虹色のスケッチ～[TVシリーズ],	/img/img_lazySpace.gif
円盤皇女ワるきゅーレ,	/img/img_lazySpace.gif
瀬戸の花嫁 OVA,	/img/img_lazySpace.gif
枕男子,	/img/img_lazySpace.gif
Φなる・あぷろーち,	/img/img_lazySpace.gif
ときめきトゥナイト,	/img/img_lazySpace.gif
天地無用！魍皇鬼 第四期,	/img/img_lazySpace.gif
ファイブスター物語,	https://cs1.anime.dmkt-sp.jp/anime_kv/img/10/64/1/10641_1_8_8b.png?1551422514000
魔法使いの嫁 星待つひと：前篇,	https://cs1.anime.dmkt-sp.jp/anime_kv/img/23/28/6/23286_1_8_8b.png?1579744838000
神秘の世界エルハザード　TV,	https://cs1.anime.dmkt-sp.jp/anime_kv/img/23/26/6/23266_1_8_8b.png?1581476408000
planetarian～星の人～,	https://cs1.anime.dmkt-sp.jp/anime_kv/img/21/67/5/21675_1_8_8b.png?1551263535000
かみちゅ!,	https://cs1.anime.dmkt-sp.jp/anime_kv/img/10/29/2/10292_1_8_8b.png?1583226007000
劇場版 魔法先生ネギま! ANIME FINAL,	https://cs1.anime.dmkt-sp.jp/anime_kv/img/21/77/9/21779_1_8_8b.png?1551347054000
つよきす Cool×Sweet,	https://cs1.anime.dmkt-sp.jp/anime_kv/img/10/98/1/10981_1_8_8b.png?1551174980000
フタコイ オルタナティブ,	https://cs1.anime.dmkt-sp.jp/anime_kv/img/10/02/9/10029_1_8_8b.png?1551179579000
くじびきアンバランス,	https://cs1.anime.dmkt-sp.jp/anime_kv/img/10/97/0/10970_1_8_8b.png?1552446493000
君のいる町　OAD,	https://cs1.anime.dmkt-sp.jp/anime_kv/img/22/45/9/22459_1_8_8b.png?1551352933000
まかでみ・WAっしょい!,	https://cs1.anime.dmkt-sp.jp/anime_kv/img/10/09/5/10095_1_8_8b.png?1551184430000
ゆるゆり なちゅやちゅみ！+　+1,	https://cs1.anime.dmkt-sp.jp/anime_kv/img/20/30/5/20305_1_8_8b.png?1551263703000
TVアニメーション　下級生,	https://cs1.anime.dmkt-sp.jp/anime_kv/img/10/03/3/10033_1_8_8b.png?1551182745000
フラグタイム,	/img/img_lazySpace.gif
ゆるゆり なちゅやちゅみ！+　+2,	/img/img_lazySpace.gif
劇場版そらのおとしもの 時計じかけの哀女神,	/img/img_lazySpace.gif
おねがいマイメロディ すっきり♪,	/img/img_lazySpace.gif
Gift ～eternal rainbow～,	/img/img_lazySpace.gif
雲のむこう、約束の場所,	/img/img_lazySpace.gif
劇場版 美少女戦士セーラームーンS,	/img/img_lazySpace.gif
ef - a tale of melodies.,	/img/img_lazySpace.gif
明日のよいち！,	/img/img_lazySpace.gif
マージナルプリンス～月桂樹の王子達～,	/img/img_lazySpace.gif
イケメン戦国◆時をかけるが恋ははじまらない,	/img/img_lazySpace.gif
人外さんの嫁,	https://cs1.anime.dmkt-sp.jp/anime_kv/img/22/76/7/22767_1_8_8b.png?1556177408000
デュアル！ぱられルンルン物語,	https://cs1.anime.dmkt-sp.jp/anime_kv/img/23/27/5/23275_1_8_8b.png?1582249617000
ＡＵＲＡ～魔竜院光牙最後の闘い～,	https://cs1.anime.dmkt-sp.jp/anime_kv/img/24/47/8/24478_1_8_8b.png?1609830006000
GOLDEN BOY-ゴールデンボーイ-　さすらいのお勉強野郎,	https://cs1.anime.dmkt-sp.jp/anime_kv/img/11/34/7/11347_1_8_8b.png?1551176630000
ラムネ,	/img/img_lazySpace.gif
半分の月がのぼる空,	/img/img_lazySpace.gif
劇場版 美少女戦士セーラームーンＳｕｐｅｒＳ　セーラー９戦士集結！ブラック・ドリーム・ホールの奇跡,	/img/img_lazySpace.gif
指先から本気の熱情-幼なじみは消防士-【オンエア版】,	/img/img_lazySpace.gif
そらのおとしものFinal 永遠の私の鳥籠（エターナルマイマスター）,	/img/img_lazySpace.gif
朝霧の巫女,	/img/img_lazySpace.gif
魔法先生ネギま! 〜白き翼 ALA ALBA〜,	/img/img_lazySpace.gif
魔法使いの嫁 星待つひと：中篇,	/img/img_lazySpace.gif
サイキックアカデミー 煌羅万象,	/img/img_lazySpace.gif
魔法使いの嫁 星待つひと：後篇,	/img/img_lazySpace.gif
下級生2　～瞳の中の少女たち～,	/img/img_lazySpace.gif
藍より青し～縁～,	/img/img_lazySpace.gif
ここはグリーン・ウッド,	https://cs1.anime.dmkt-sp.jp/anime_kv/img/10/31/1/10311_1_8_8b.png?1551181722000
ToHeart Remember my memories,	https://cs1.anime.dmkt-sp.jp/anime_kv/img/10/26/0/10260_1_8_8b.png?1551173786000
花右京メイド隊 La Verite,	https://cs1.anime.dmkt-sp.jp/anime_kv/img/23/26/0/23260_1_8_8b.png?1582249330000
恋する天使アンジェリーク ～心のめざめる時～,	https://cs1.anime.dmkt-sp.jp/anime_kv/img/23/73/8/23738_1_8_8b.png?1587704521000
こいこい7,	https://cs1.anime.dmkt-sp.jp/anime_kv/img/10/98/0/10980_1_8_8b.png?1551179999000
とある飛空士への追憶,	https://cs1.anime.dmkt-sp.jp/anime_kv/img/23/74/2/23742_1_8_8b.png?1584937950000
ななついろ★ドロップス,	https://cs1.anime.dmkt-sp.jp/anime_kv/img/10/72/0/10720_1_8_8b.png?1551181779000
這いよる!ニャルアニ,	/img/img_lazySpace.gif
七人のナナ,	/img/img_lazySpace.gif
TVシリーズ　新・天地無用！,	/img/img_lazySpace.gif
恋する天使アンジェリーク ～かがやきの明日～,	/img/img_lazySpace.gif
お金がないっ,	/img/img_lazySpace.gif
円盤皇女ワるきゅーレ　十二月の夜想曲,	https://cs1.anime.dmkt-sp.jp/anime_kv/img/10/16/9/10169_1_8_8b.png?1551420845000
HAPPY☆LESSON ADVANCE,	https://cs1.anime.dmkt-sp.jp/anime_kv/img/10/11/8/10118_1_8_8b.png?1551176076000
はてな☆イリュージョン,	https://cs1.anime.dmkt-sp.jp/anime_kv/img/24/54/2/24542_1_8_8b.png?1613444451000
灼眼のシャナ SP｢恋と温泉の校外学習!｣,	https://cs1.anime.dmkt-sp.jp/anime_kv/img/10/10/4/10104_1_8_8b.png?1551183617000
シスター・プリンセス Re Pure ストーリーズ,	/img/img_lazySpace.gif
おねがいマイメロディ きららっ☆,	/img/img_lazySpace.gif
ラーゼフォン 多元変奏曲,	/img/img_lazySpace.gif
魔法の妖精 ペルシャ,	/img/img_lazySpace.gif
這いよる!ニャルアニ リメンバー・マイ・ラブ(クラフト先生),	/img/img_lazySpace.gif
スーパーヅガン,	/img/img_lazySpace.gif
OVA「スクールランブル一学期補習」,	/img/img_lazySpace.gif
こみっくパーティRevolution,	/img/img_lazySpace.gif
薄桜鬼 雪華録  第一章 ～沖田総司～,	https://cs1.anime.dmkt-sp.jp/anime_kv/img/10/74/2/10742_1_8_8b.png?1579073551000
ラブひな　Again,	https://cs1.anime.dmkt-sp.jp/anime_kv/img/20/42/7/20427_1_8_8b.png?1551268075000
パパのいうことを聞きなさい！ 男女8人夏物語(OVA),	https://cs1.anime.dmkt-sp.jp/anime_kv/img/23/14/6/23146_1_8_8b.png?1575603036000
Baby Princess 2Dぱらだいす0(ラブ),	https://cs1.anime.dmkt-sp.jp/anime_kv/img/10/46/1/10461_1_8_8b.png?1551421056000
同級生2 テレビ編集版,	https://cs1.anime.dmkt-sp.jp/anime_kv/img/20/45/8/20458_1_8_8b.png?1551264374000
劇場版「灼眼のシャナ」,	https://cs1.anime.dmkt-sp.jp/anime_kv/img/21/84/6/21846_1_8_8b.png?1551352217000
薄桜鬼 雪華録  第二章 ～斎藤 一～,	/img/img_lazySpace.gif
ダーティペア（ＯＶＡ）,	/img/img_lazySpace.gif
シスター・プリンセス Re Pure キャラクターズ,	/img/img_lazySpace.gif
レディジョージィ！,	/img/img_lazySpace.gif
CLANNAD番外編 「夏休みの出来事」,	https://cs1.anime.dmkt-sp.jp/anime_kv/img/23/99/8/23998_1_8_8b.png?1591688305000
月は東に日は西に　～Operation Sanctuary～,	https://cs1.anime.dmkt-sp.jp/anime_kv/img/10/38/8/10388_1_8_8b.png?1551180657000
ニセコイ:OVA,	https://cs1.anime.dmkt-sp.jp/anime_kv/img/23/18/1/23181_1_8_8b.png?1576045833000
らいむいろ流奇譚 X CROSS ～恋、オシヘテクダサイ。～,	https://cs1.anime.dmkt-sp.jp/anime_kv/img/10/03/8/10038_1_8_8b.png?1551178539000
OVA『ToHeart2ダンジョントラベラーズ』,	https://cs1.anime.dmkt-sp.jp/anime_kv/img/10/14/6/10146_1_8_8b.png?1551179029000
劇場版“文学少女”,	https://cs1.anime.dmkt-sp.jp/anime_kv/img/10/09/6/10096_1_8_8b.png?1551175529000
OVA ToHeart2,	https://cs1.anime.dmkt-sp.jp/anime_kv/img/10/49/3/10493_1_8_8b.png?1551176297000
劇場版 美少女戦士セーラームーンＳｕｐｅｒＳ外伝　亜美ちゃんの初恋,	https://cs1.anime.dmkt-sp.jp/anime_kv/img/11/05/8/11058_1_8_8b.png?1551179775000
薄桜鬼 雪華録  第六章 ～風間千景～,	https://cs1.anime.dmkt-sp.jp/anime_kv/img/10/74/7/10747_1_8_8b.png?1579073407000
DIABOLIK LOVERS　Episode6.5,	https://cs1.anime.dmkt-sp.jp/anime_kv/img/11/04/9/11049_1_8_8b.png?1551174609000
天使のしっぽChu!,	https://cs1.anime.dmkt-sp.jp/anime_kv/img/10/22/5/10225_1_8_8b.png?1609909257000
薄桜鬼 雪華録  第五章 ～土方歳三～,	https://cs1.anime.dmkt-sp.jp/anime_kv/img/10/74/6/10746_1_8_8b.png?1579073481000
まじもじるるも 完結編,	https://cs1.anime.dmkt-sp.jp/anime_kv/img/23/18/4/23184_1_8_8b.png?1577349007000
円盤皇女ワるきゅーレ 星霊節の花嫁,	https://cs1.anime.dmkt-sp.jp/anime_kv/img/10/17/0/10170_1_8_8b.png?1551180426000
School Days＜Valentine Days＞,	https://cs1.anime.dmkt-sp.jp/anime_kv/img/24/17/6/24176_1_8_8b.png?1597993209000
薄桜鬼 雪華録  第三章 ～原田左之助～,	https://cs1.anime.dmkt-sp.jp/anime_kv/img/10/74/4/10744_1_8_8b.png?1579073504000
OVA『ToHeart2ad』,	https://cs1.anime.dmkt-sp.jp/anime_kv/img/10/14/3/10143_1_8_8b.png?1551175900000
異次元の世界エルハザード,	https://cs1.anime.dmkt-sp.jp/anime_kv/img/23/27/4/23274_1_8_8b.png?1582249262000
パパのいうことを聞きなさい！ ～異人たちとの春～(OVA),	https://cs1.anime.dmkt-sp.jp/anime_kv/img/23/14/7/23147_1_8_8b.png?1575603053000
ネギま！？ 春・夏,	https://cs1.anime.dmkt-sp.jp/anime_kv/img/21/57/6/21576_1_8_8b.png?1551269814000
薄桜鬼 雪華録  第四章 ～藤堂平助～,	https://cs1.anime.dmkt-sp.jp/anime_kv/img/10/74/5/10745_1_8_8b.png?1579073436000
Wind -a breath of heart-,	https://cs1.anime.dmkt-sp.jp/anime_kv/img/10/22/0/10220_1_8_8b.png?1551178465000
がぁ～でぃあんHearts,	https://cs1.anime.dmkt-sp.jp/anime_kv/img/10/22/8/10228_1_8_8b.png?1551183689000
ダーティペアFLASH,	https://cs1.anime.dmkt-sp.jp/anime_kv/img/20/49/9/20499_1_8_8b.png?1558573297000
その時、カノジョは。,	https://cs1.anime.dmkt-sp.jp/anime_kv/img/23/72/1/23721_1_8_8b.png?1585276208000
伝心 まもって守護月天！,	https://cs1.anime.dmkt-sp.jp/anime_kv/img/24/52/0/24520_1_8_8b.png?1612857847000
らいむいろ戦奇譚　南国夢浪漫,	/img/img_lazySpace.gif
OVA 『ToHeart2 adnext』,	/img/img_lazySpace.gif
HAPPY☆LESSON (OVA),	/img/img_lazySpace.gif
Soul Link,	/img/img_lazySpace.gif
CLANNAD番外編 「もうひとつの世界 智代編」,	https://cs1.anime.dmkt-sp.jp/anime_kv/img/23/99/9/23999_1_8_8b.png?1591688533000
OVA 『ToHeart2 adplus』,	https://cs1.anime.dmkt-sp.jp/anime_kv/img/10/14/4/10144_1_8_8b.png?1551423847000
あぃまぃみぃ！ストロベリー・エッグ,	https://cs1.anime.dmkt-sp.jp/anime_kv/img/23/26/5/23265_1_8_8b.png?1582249477000
課長の恋,	https://cs1.anime.dmkt-sp.jp/anime_kv/img/22/63/2/22632_1_8_8b.png?1557478806000
HAND MAID メイ,	https://cs1.anime.dmkt-sp.jp/anime_kv/img/23/25/0/23250_1_8_8b.png?1581305473000
CLANNAD AFTER STORY 番外編 「一年前の出来事」,	https://cs1.anime.dmkt-sp.jp/anime_kv/img/24/00/0/24000_1_8_8b.png?1591688446000
けんぷファーfur die liebe,	https://cs1.anime.dmkt-sp.jp/anime_kv/img/23/62/6/23626_1_8_8b.png?1583314258000
Piaキャロットへようこそ!!2 DX,	https://cs1.anime.dmkt-sp.jp/anime_kv/img/20/00/8/20008_1_8_8b.png?1551177954000
金色のコルダ〜secondo passo〜,	https://cs1.anime.dmkt-sp.jp/anime_kv/img/20/63/2/20632_1_8_8b.png?1551266937000
ああっ女神さまっ　闘う翼,	https://cs1.anime.dmkt-sp.jp/anime_kv/img/23/63/0/23630_1_8_8b.png?1582249309000
センチメンタルジャーニー,	https://cs1.anime.dmkt-sp.jp/anime_kv/img/22/79/2/22792_1_8_8b.png?1559619033000
Ｗ ～ウィッシュ～,	https://cs1.anime.dmkt-sp.jp/anime_kv/img/10/97/8/10978_1_8_8b.png?1551182941000
_summer,	https://cs1.anime.dmkt-sp.jp/anime_kv/img/11/35/0/11350_1_8_8b.png?1551182077000
HAPPY☆LESSON THE FINAL,	https://cs1.anime.dmkt-sp.jp/anime_kv/img/10/03/7/10037_1_8_8b.png?1551178345000
ONE～輝く季節へ～,	https://cs1.anime.dmkt-sp.jp/anime_kv/img/11/01/4/11014_1_8_8b.png?1551422381000
“文学少女” メモワールⅠ夢見る少女の前奏曲(プレリュード)-,	https://cs1.anime.dmkt-sp.jp/anime_kv/img/10/09/7/10097_1_8_8b.png?1551182199000
CLANNAD AFTER STORY 総集編 「緑の樹の下で」,	https://cs1.anime.dmkt-sp.jp/anime_kv/img/24/00/1/24001_1_8_8b.png?1591688590000
タトゥーンマスター,	https://cs1.anime.dmkt-sp.jp/anime_kv/img/11/21/6/11216_1_8_8b.png?1551180351000
夏色の砂時計,	https://cs1.anime.dmkt-sp.jp/anime_kv/img/11/07/1/11071_1_8_8b.png?1551182395000
同級生２Special 卒業生,	https://cs1.anime.dmkt-sp.jp/anime_kv/img/11/08/6/11086_1_8_8b.png?1551173582000
円盤皇女ワるきゅーレ　時と夢と銀河の宴,	https://cs1.anime.dmkt-sp.jp/anime_kv/img/10/17/1/10171_1_8_8b.png?1551183181000
Refrain Blue,	https://cs1.anime.dmkt-sp.jp/anime_kv/img/10/89/6/10896_1_8_8b.png?1551179937000
モエかん THE　ANIMATION,	https://cs1.anime.dmkt-sp.jp/anime_kv/img/11/21/5/11215_1_8_8b.png?1551176991000
星空キセキ,	https://cs1.anime.dmkt-sp.jp/anime_kv/img/10/18/6/10186_1_8_8b.png?1551183651000
ゆめりあ,	https://cs1.anime.dmkt-sp.jp/anime_kv/img/23/63/7/23637_1_8_8b.png?1583303483000
“文学少女”メモワールⅢ恋する乙女の狂想曲(ラプソディ)-,	https://cs1.anime.dmkt-sp.jp/anime_kv/img/10/48/3/10483_1_8_8b.png?1551178444000
がぁ～でぃあんHearts　ぱわーあっぷ,	/img/img_lazySpace.gif
“文学少女”メモワールⅡソラ舞う天使の鎮魂曲(レクイエム)-,	/img/img_lazySpace.gif
ダーティペアFLASH2,	https://cs1.anime.dmkt-sp.jp/anime_kv/img/20/50/0/20500_1_8_8b.png?1558405831000
ダーティペアFLASH3,	https://cs1.anime.dmkt-sp.jp/anime_kv/img/20/50/1/20501_1_8_8b.png?1557392470000
円盤皇女ワるきゅーレSPECIAL ｢七転八倒 花嫁修行｣,	https://cs1.anime.dmkt-sp.jp/anime_kv/img/10/29/6/10296_1_8_8b.png?1551177419000
OVA　Wind ―a breath of heart―,	https://cs1.anime.dmkt-sp.jp/anime_kv/img/11/08/5/11085_1_8_8b.png?1551422561000
AIR IN SUMMER 特別編 前編 やまみち ～mountain path～,	https://cs1.anime.dmkt-sp.jp/anime_kv/img/23/54/6/23546_1_8_8b.png?1582684240000
OVAスペシャル～マジカルハート☆こころちゃん～,	https://cs1.anime.dmkt-sp.jp/anime_kv/img/24/17/7/24177_1_8_8b.png?1597107682000
パンツァードラグーン,	https://cs1.anime.dmkt-sp.jp/anime_kv/img/11/10/8/11108_1_8_8b.png?1552446683000
AIR IN SUMMER 特別編 後編 あめつち ～universe～,	https://cs1.anime.dmkt-sp.jp/anime_kv/img/23/54/5/23545_1_8_8b.png?1582684206000
東京マーブルチョコレート シネマヴァージョン,	https://cs1.anime.dmkt-sp.jp/anime_kv/img/10/49/4/10494_1_8_8b.png?1551180850000
STARLIGHT SCRAMBLE 恋愛候補生,	https://cs1.anime.dmkt-sp.jp/anime_kv/img/11/07/0/11070_1_8_8b.png?1551422490000
東京マーブルチョコレート～全力少年～,	https://cs1.anime.dmkt-sp.jp/anime_kv/img/10/35/3/10353_1_8_8b.png?1551174194000
Winter Garden from デ･ジ･キャラット,	https://cs1.anime.dmkt-sp.jp/anime_kv/img/23/63/4/23634_1_8_8b.png?1583111092000
東京マーブルチョコレート～マタアイマショウ～,	https://cs1.anime.dmkt-sp.jp/anime_kv/img/10/45/3/10453_1_8_8b.png?1551176837000
ANISAVA,	https://cs1.anime.dmkt-sp.jp/anime_kv/img/23/35/2/23352_1_8_8b.png?1580452794000
楓ニュータウン,	https://cs1.anime.dmkt-sp.jp/anime_kv/img/10/18/0/10180_1_8_8b.png?1551183974000