title,iamge_url,
鬼滅の刃,https://cs1.anime.dmkt-sp.jp/anime_kv/img/22/67/5/22675_1_8_8b.png?1553502608000
ソードアート・オンライン,	https://cs1.anime.dmkt-sp.jp/anime_kv/img/11/34/2/11342_1_8_8b.png?1551184375000
鋼の錬金術師 FULLMETAL ALCHEMIST,	https://cs1.anime.dmkt-sp.jp/anime_kv/img/10/28/8/10288_1_8_8b.png?1551184515000
ソードアート・オンラインⅡ,	https://cs1.anime.dmkt-sp.jp/anime_kv/img/11/34/4/11344_1_8_8b.png?1551183438000
進撃の巨人 Season 1,	https://cs1.anime.dmkt-sp.jp/anime_kv/img/10/81/1/10811_1_8_8b.png?1551176848000
僕のヒーローアカデミア（第2期）,	https://cs1.anime.dmkt-sp.jp/anime_kv/img/21/68/0/21680_1_8_8b.png?1574751607000
僕のヒーローアカデミア（第3期）,	https://cs1.anime.dmkt-sp.jp/anime_kv/img/22/28/2/22282_1_8_8b.png?1574751635000
ログ・ホライズン,	https://cs1.anime.dmkt-sp.jp/anime_kv/img/11/31/7/11317_1_8_8b.png?1551420680000
進撃の巨人 Season 3,	https://cs1.anime.dmkt-sp.jp/anime_kv/img/22/20/0/22200_1_8_8b.png?1551350127000
氷菓,	https://cs1.anime.dmkt-sp.jp/anime_kv/img/10/83/8/10838_1_8_8b.png?1551181755000
ソードアート・オンライン アリシゼーション,	https://cs1.anime.dmkt-sp.jp/anime_kv/img/22/40/5/22405_1_8_8b.png?1551353931000
Re:ゼロから始める異世界生活　2nd season,	https://cs1.anime.dmkt-sp.jp/anime_kv/img/24/02/4/24024_1_8_8b.png?1608107405000
弱虫ペダル,	https://cs1.anime.dmkt-sp.jp/anime_kv/img/11/44/3/11443_1_8_8b.png?1551173708000
スラムダンク,	https://cs1.anime.dmkt-sp.jp/anime_kv/img/10/77/4/10774_1_8_8b.png?1552445493000
僕のヒーローアカデミア（第4期）,	https://cs1.anime.dmkt-sp.jp/anime_kv/img/23/01/1/23011_1_8_8b.png?1574386237000
銀魂 (1年目),	https://cs1.anime.dmkt-sp.jp/anime_kv/img/20/57/3/20573_1_8_8b.png?1551264839000
かぐや様は告らせたい～天才たちの恋愛頭脳戦～,	https://cs1.anime.dmkt-sp.jp/anime_kv/img/22/54/1/22541_1_8_8b.png?1551354381000
ソードアート・オンライン アリシゼーション War of Underworld,	https://cs1.anime.dmkt-sp.jp/anime_kv/img/22/98/2/22982_1_8_8b.png?1585533680000
STEINS;GATE,	https://cs1.anime.dmkt-sp.jp/anime_kv/img/10/69/3/10693_1_8_8b.png?1551421630000
ダイヤのA（第1話～第51話）,	https://cs1.anime.dmkt-sp.jp/anime_kv/img/11/20/2/11202_1_8_8b.png?1551176087000
銀魂 (2年目),	https://cs1.anime.dmkt-sp.jp/anime_kv/img/20/58/7/20587_1_8_8b.png?1551261457000
銀魂’,	https://cs1.anime.dmkt-sp.jp/anime_kv/img/21/54/5/21545_1_8_8b.png?1551263419000
銀魂 (3年目),	https://cs1.anime.dmkt-sp.jp/anime_kv/img/20/58/8/20588_1_8_8b.png?1551265805000
ログ・ホライズン　第２シリーズ,	https://cs1.anime.dmkt-sp.jp/anime_kv/img/20/24/4/20244_1_8_8b.png?1551423946000
銀魂 (4年目),	https://cs1.anime.dmkt-sp.jp/anime_kv/img/20/61/6/20616_1_8_8b.png?1551260251000
キングダム,	https://cs1.anime.dmkt-sp.jp/anime_kv/img/20/52/3/20523_1_8_8b.png?1551420965000
キングダム 第2シリーズ,	https://cs1.anime.dmkt-sp.jp/anime_kv/img/20/85/6/20856_1_8_8b.png?1583915408000
ダイヤのA actⅡ,	https://cs1.anime.dmkt-sp.jp/anime_kv/img/22/67/8/22678_1_8_8b.png?1552879839000
コードギアス 反逆のルルーシュ,	https://cs1.anime.dmkt-sp.jp/anime_kv/img/20/02/9/20029_1_8_8b.png?1551174325000
ダイヤのＡ‐ＳＥＣＯＮＤ ＳＥＡＳＯＮ‐,	https://cs1.anime.dmkt-sp.jp/anime_kv/img/20/10/9/20109_1_8_8b.png?1551180305000
Re:ゼロから始める異世界生活,	https://cs1.anime.dmkt-sp.jp/anime_kv/img/23/17/1/23171_1_8_8b.png?1576042207000
銀魂゜,	https://cs1.anime.dmkt-sp.jp/anime_kv/img/22/05/2/22052_1_8_8b.png?1551349723000
僕のヒーローアカデミア,	https://cs1.anime.dmkt-sp.jp/anime_kv/img/20/86/8/20868_1_8_8b.png?1551265959000
おそ松さん,	https://cs1.anime.dmkt-sp.jp/anime_kv/img/20/39/9/20399_1_8_8b.png?1551270052000
コードギアス 反逆のルルーシュR2,	https://cs1.anime.dmkt-sp.jp/anime_kv/img/20/05/3/20053_1_8_8b.png?1551180479000
食戟のソーマ,	https://cs1.anime.dmkt-sp.jp/anime_kv/img/20/48/8/20488_1_8_8b.png?1551421177000
TVアニメ「Fate/stay night [Unlimited Blade Works]」,	https://cs1.anime.dmkt-sp.jp/anime_kv/img/11/48/8/11488_1_8_8b.png?1551352670000
四月は君の嘘,	https://cs1.anime.dmkt-sp.jp/anime_kv/img/11/51/3/11513_1_8_8b.png?1552014161000
涼宮ハルヒの憂鬱(2009年放送版),	https://cs1.anime.dmkt-sp.jp/anime_kv/img/10/85/3/10853_1_8_8b.png?1551423046000
青春ブタ野郎はバニーガール先輩の夢を見ない,	https://cs1.anime.dmkt-sp.jp/anime_kv/img/22/40/6/22406_1_8_8b.png?1551349361000
けいおん！！,	https://cs1.anime.dmkt-sp.jp/anime_kv/img/20/32/9/20329_1_8_8b.png?1551423608000
SHIROBAKO,	https://cs1.anime.dmkt-sp.jp/anime_kv/img/11/47/9/11479_1_8_8b.png?1551177134000
とらドラ!,	https://cs1.anime.dmkt-sp.jp/anime_kv/img/10/00/5/10005_1_8_8b.png?1550563317000
五等分の花嫁,	https://cs1.anime.dmkt-sp.jp/anime_kv/img/22/54/3/22543_1_8_8b.png?1551346708000
暗殺教室,	https://cs1.anime.dmkt-sp.jp/anime_kv/img/11/61/2/11612_1_8_8b.png?1552447944000
かぐや様は告らせたい？～天才たちの恋愛頭脳戦～,	https://cs1.anime.dmkt-sp.jp/anime_kv/img/23/75/0/23750_1_8_8b.png?1583985633000
弱虫ペダル ＧＲＡＮＤＥ ＲＯＡＤ（グランロード）,	https://cs1.anime.dmkt-sp.jp/anime_kv/img/20/09/9/20099_1_8_8b.png?1551177822000
夏目友人帳,	https://cs1.anime.dmkt-sp.jp/anime_kv/img/10/84/7/10847_1_8_8b.png?1551178021000
暗殺教室(第2期),	https://cs1.anime.dmkt-sp.jp/anime_kv/img/20/53/6/20536_1_8_8b.png?1551270833000
機動戦士ガンダム 鉄血のオルフェンズ,	https://cs1.anime.dmkt-sp.jp/anime_kv/img/20/38/8/20388_1_8_8b.png?1551267084000
進撃の巨人 Season 2,	https://cs1.anime.dmkt-sp.jp/anime_kv/img/21/48/4/21484_1_8_8b.png?1551267143000
シュタインズ・ゲート ゼロ,	https://cs1.anime.dmkt-sp.jp/anime_kv/img/22/08/3/22083_1_8_8b.png?1551347601000
銀魂.,	https://cs1.anime.dmkt-sp.jp/anime_kv/img/22/93/3/22933_1_8_8b.png?1566979207000
ワンピース イーストブルー編,	https://cs1.anime.dmkt-sp.jp/anime_kv/img/20/51/6/20516_1_8_8b.png?1564471807000
ひぐらしのなく頃に,	https://cs1.anime.dmkt-sp.jp/anime_kv/img/10/95/4/10954_1_8_8b.png?1551174577000
月刊少女野崎くん,	https://cs1.anime.dmkt-sp.jp/anime_kv/img/11/37/6/11376_1_8_8b.png?1551177178000
冴えない彼女の育てかた,	https://cs1.anime.dmkt-sp.jp/anime_kv/img/11/61/1/11611_1_8_8b.png?1552445704000
咲-Saki-,	https://cs1.anime.dmkt-sp.jp/anime_kv/img/10/13/2/10132_1_8_8b.png?1552445723000
Fate/stay night,	https://cs1.anime.dmkt-sp.jp/anime_kv/img/11/43/4/11434_1_8_8b.png?1551182448000
ギルティクラウン,	https://cs1.anime.dmkt-sp.jp/anime_kv/img/11/18/6/11186_1_8_8b.png?1552444567000
けいおん！,	https://cs1.anime.dmkt-sp.jp/anime_kv/img/10/27/6/10276_1_8_8b.png?1551354587000
アクセル・ワールド,	https://cs1.anime.dmkt-sp.jp/anime_kv/img/10/65/1/10651_1_8_8b.png?1551177090000
Fate/Zero,	https://cs1.anime.dmkt-sp.jp/anime_kv/img/22/15/6/22156_1_8_8b.png?1552444694000
続 夏目友人帳,	https://cs1.anime.dmkt-sp.jp/anime_kv/img/10/84/8/10848_1_8_8b.png?1551182756000
ヒカルの碁,	https://cs1.anime.dmkt-sp.jp/anime_kv/img/10/67/4/10674_1_8_8b.png?1551420420000
鋼の錬金術師,	https://cs1.anime.dmkt-sp.jp/anime_kv/img/20/12/8/20128_1_8_8b.png?1551182525000
Fate/Grand Order -絶対魔獣戦線バビロニア-,	/img/img_lazySpace.gif
ソードアート・オンライン オルタナティブ ガンゲイル・オンライン,	/img/img_lazySpace.gif
ワンピース ドレスローザ編,	/img/img_lazySpace.gif
さくら荘のペットな彼女,	/img/img_lazySpace.gif
エロマンガ先生,	https://cs1.anime.dmkt-sp.jp/anime_kv/img/21/51/0/21510_1_8_8b.png?1551268109000
俺物語!!,	https://cs1.anime.dmkt-sp.jp/anime_kv/img/20/10/7/20107_1_8_8b.png?1551177343000
かくりよの宿飯,	https://cs1.anime.dmkt-sp.jp/anime_kv/img/22/11/8/22118_1_8_8b.png?1551349490000
宇宙兄弟,	https://cs1.anime.dmkt-sp.jp/anime_kv/img/22/39/1/22391_1_8_8b.png?1551346400000
DEATH NOTE -デスノート-,	https://cs1.anime.dmkt-sp.jp/anime_kv/img/20/18/7/20187_1_8_8b.png?1551181404000
夏目友人帳 参,	https://cs1.anime.dmkt-sp.jp/anime_kv/img/10/84/9/10849_1_8_8b.png?1551420299000
機動戦士ガンダム 鉄血のオルフェンズ(第26話～),	https://cs1.anime.dmkt-sp.jp/anime_kv/img/21/18/4/21184_1_8_8b.png?1551266857000
闘牌伝説アカギ,	https://cs1.anime.dmkt-sp.jp/anime_kv/img/20/15/0/20150_1_8_8b.png?1551183946000
デュラララ!!,	https://cs1.anime.dmkt-sp.jp/anime_kv/img/10/00/9/10009_1_8_8b.png?1550563239000
ひぐらしのなく頃に解,	https://cs1.anime.dmkt-sp.jp/anime_kv/img/11/03/6/11036_1_8_8b.png?1551174392000
東京喰種トーキョーグール,	https://cs1.anime.dmkt-sp.jp/anime_kv/img/20/24/2/20242_1_8_8b.png?1551179676000
ユーリ!!! on ICE,	https://cs1.anime.dmkt-sp.jp/anime_kv/img/21/18/6/21186_1_8_8b.png?1551270435000
夏目友人帳 肆,	https://cs1.anime.dmkt-sp.jp/anime_kv/img/10/85/0/10850_1_8_8b.png?1551183700000
東京喰種トーキョーグール√A,	https://cs1.anime.dmkt-sp.jp/anime_kv/img/20/29/6/20296_1_8_8b.png?1551265718000
弱虫ペダル NEW GENERATION,	https://cs1.anime.dmkt-sp.jp/anime_kv/img/21/36/0/21360_1_8_8b.png?1551263248000
食戟のソーマ 弐ノ皿,	https://cs1.anime.dmkt-sp.jp/anime_kv/img/21/04/1/21041_1_8_8b.png?1551271424000
超人高校生たちは異世界でも余裕で生き抜くようです！,	https://cs1.anime.dmkt-sp.jp/anime_kv/img/23/03/0/23030_1_8_8b.png?1568854882000
異世界居酒屋～古都アイテーリアの居酒屋のぶ～,	https://cs1.anime.dmkt-sp.jp/anime_kv/img/22/38/4/22384_1_8_8b.png?1551350839000
ようこそ実力至上主義の教室へ,	/img/img_lazySpace.gif
フルーツバスケット 1st season,	/img/img_lazySpace.gif
ばらかもん,	https://cs1.anime.dmkt-sp.jp/anime_kv/img/11/36/5/11365_1_8_8b.png?1552447552000
弱虫ペダル GLORY LINE,	https://cs1.anime.dmkt-sp.jp/anime_kv/img/21/94/7/21947_1_8_8b.png?1551352473000
進撃の巨人 The Final Season,	https://cs1.anime.dmkt-sp.jp/anime_kv/img/24/24/2/24242_1_8_8b.png?1603683214000
ひぐらしのなく頃に業,	https://cs1.anime.dmkt-sp.jp/anime_kv/img/24/25/1/24251_1_8_8b.png?1602208809000
ガールズ＆パンツァー,	https://cs1.anime.dmkt-sp.jp/anime_kv/img/20/43/1/20431_1_8_8b.png?1557721850000
桜蘭高校ホスト部,	https://cs1.anime.dmkt-sp.jp/anime_kv/img/20/15/1/20151_1_8_8b.png?1551180805000
夏目友人帳 伍,	https://cs1.anime.dmkt-sp.jp/anime_kv/img/21/17/6/21176_1_8_8b.png?1551267965000
食戟のソーマ 餐ノ皿「遠月列車篇」,	https://cs1.anime.dmkt-sp.jp/anime_kv/img/22/11/2/22112_1_8_8b.png?1551353154000
宇崎ちゃんは遊びたい！,	https://cs1.anime.dmkt-sp.jp/anime_kv/img/24/03/4/24034_1_8_8b.png?1591583432000
おそ松さん 第2期,	https://cs1.anime.dmkt-sp.jp/anime_kv/img/21/81/3/21813_1_8_8b.png?1551353349000
花咲くいろは,	https://cs1.anime.dmkt-sp.jp/anime_kv/img/10/76/8/10768_1_8_8b.png?1552447954000
食戟のソーマ 餐ノ皿,	https://cs1.anime.dmkt-sp.jp/anime_kv/img/21/80/2/21802_1_8_8b.png?1551351368000
魔法少女まどか☆マギカ,	https://cs1.anime.dmkt-sp.jp/anime_kv/img/10/23/4/10234_1_8_8b.png?1551173820000
マクロスＦ,	https://cs1.anime.dmkt-sp.jp/anime_kv/img/20/49/4/20494_1_8_8b.png?1551270494000
寄生獣　セイの格率,	https://cs1.anime.dmkt-sp.jp/anime_kv/img/11/49/5/11495_1_8_8b.png?1552447800000
夏目友人帳 陸,	https://cs1.anime.dmkt-sp.jp/anime_kv/img/21/53/1/21531_1_8_8b.png?1551265398000
東京喰種トーキョーグール：re,	https://cs1.anime.dmkt-sp.jp/anime_kv/img/22/10/7/22107_1_8_8b.png?1551348549000
響け！ユーフォニアム,	https://cs1.anime.dmkt-sp.jp/anime_kv/img/20/09/8/20098_1_8_8b.png?1551174478000
アルスラーン戦記,	https://cs1.anime.dmkt-sp.jp/anime_kv/img/20/27/7/20277_1_8_8b.png?1551177527000
宇宙よりも遠い場所,	https://cs1.anime.dmkt-sp.jp/anime_kv/img/21/94/9/21949_1_8_8b.png?1551347707000
食戟のソーマ 神ノ皿,	https://cs1.anime.dmkt-sp.jp/anime_kv/img/23/02/3/23023_1_8_8b.png?1569308566000
甘城ブリリアントパーク,	https://cs1.anime.dmkt-sp.jp/anime_kv/img/11/47/6/11476_1_8_8b.png?1551422440000
俺を好きなのはお前だけかよ,	https://cs1.anime.dmkt-sp.jp/anime_kv/img/22/98/5/22985_1_8_8b.png?1569382357000
赤髪の白雪姫,	https://cs1.anime.dmkt-sp.jp/anime_kv/img/20/16/2/20162_1_8_8b.png?1552446442000
学戦都市アスタリスク,	https://cs1.anime.dmkt-sp.jp/anime_kv/img/20/39/0/20390_1_8_8b.png?1552446190000
ふらいんぐうぃっち,	https://cs1.anime.dmkt-sp.jp/anime_kv/img/20/89/6/20896_1_8_8b.png?1551267759000
ラブライブ！,	https://cs1.anime.dmkt-sp.jp/anime_kv/img/11/14/1/11141_1_8_8b.png?1551181079000
Angel Beats!,	https://cs1.anime.dmkt-sp.jp/anime_kv/img/20/33/3/20333_1_8_8b.png?1551270409000
ワンピース アラバスタ編,	https://cs1.anime.dmkt-sp.jp/anime_kv/img/20/61/4/20614_1_8_8b.png?1564471821000
ちはやふる,	https://cs1.anime.dmkt-sp.jp/anime_kv/img/20/58/3/20583_1_8_8b.png?1566176450000
CLANNAD,	https://cs1.anime.dmkt-sp.jp/anime_kv/img/20/34/0/20340_1_8_8b.png?1551260978000
3D彼女 リアルガール,	https://cs1.anime.dmkt-sp.jp/anime_kv/img/22/09/2/22092_1_8_8b.png?1551352702000
ダイヤのＡ（第52話～第75話）,	https://cs1.anime.dmkt-sp.jp/anime_kv/img/11/47/2/11472_1_8_8b.png?1551175171000
ぼくたちは勉強ができない,	https://cs1.anime.dmkt-sp.jp/anime_kv/img/22/68/1/22681_1_8_8b.png?1553495506000
まおゆう魔王勇者,	https://cs1.anime.dmkt-sp.jp/anime_kv/img/10/73/6/10736_1_8_8b.png?1551173617000
Charlotte,	https://cs1.anime.dmkt-sp.jp/anime_kv/img/20/22/3/20223_1_8_8b.png?1552445353000
刀剣乱舞-花丸-,	https://cs1.anime.dmkt-sp.jp/anime_kv/img/21/17/3/21173_1_8_8b.png?1551260519000
男子高校生の日常,	https://cs1.anime.dmkt-sp.jp/anime_kv/img/20/28/2/20282_1_8_8b.png?1551174381000
僕だけがいない街,	https://cs1.anime.dmkt-sp.jp/anime_kv/img/20/52/7/20527_1_8_8b.png?1552446391000
蟲師,	https://cs1.anime.dmkt-sp.jp/anime_kv/img/11/16/4/11164_1_8_8b.png?1551182316000
あの日見た花の名前を僕達はまだ知らない。,	https://cs1.anime.dmkt-sp.jp/anime_kv/img/11/17/1/11171_1_8_8b.png?1552444799000
最弱無敗の神装機竜《バハムート》,	https://cs1.anime.dmkt-sp.jp/anime_kv/img/20/55/0/20550_1_8_8b.png?1551268372000
ソウナンですか？,	https://cs1.anime.dmkt-sp.jp/anime_kv/img/22/82/5/22825_1_8_8b.png?1560747945000
ちはやふる2,	https://cs1.anime.dmkt-sp.jp/anime_kv/img/20/61/5/20615_1_8_8b.png?1566176489000
ワンピース 魚人島編,	https://cs1.anime.dmkt-sp.jp/anime_kv/img/24/12/8/24128_1_8_8b.png?1594094721000
「東京喰種トーキョーグール:re」（第2期）,	https://cs1.anime.dmkt-sp.jp/anime_kv/img/22/42/2/22422_1_8_8b.png?1551350294000
逆境無頼カイジ 破戒録篇,	https://cs1.anime.dmkt-sp.jp/anime_kv/img/21/68/9/21689_1_8_8b.png?1551266675000
中二病でも恋がしたい！,	https://cs1.anime.dmkt-sp.jp/anime_kv/img/20/32/6/20326_1_8_8b.png?1551420874000
ウマ娘　プリティーダービー,	https://cs1.anime.dmkt-sp.jp/anime_kv/img/22/08/9/22089_1_8_8b.png?1551351012000
ワンピース マリンフォード編,	https://cs1.anime.dmkt-sp.jp/anime_kv/img/24/12/7/24127_1_8_8b.png?1594094489000
響け！ユーフォニアム2,	https://cs1.anime.dmkt-sp.jp/anime_kv/img/21/10/9/21109_1_8_8b.png?1552444736000
逆境無頼カイジ,	https://cs1.anime.dmkt-sp.jp/anime_kv/img/10/80/2/10802_1_8_8b.png?1552444851000
りゅうおうのおしごと！,	https://cs1.anime.dmkt-sp.jp/anime_kv/img/21/95/3/21953_1_8_8b.png?1551351153000
ラブライブ！2期,	https://cs1.anime.dmkt-sp.jp/anime_kv/img/20/05/2/20052_1_8_8b.png?1551184549000
ゴールデンタイム,	https://cs1.anime.dmkt-sp.jp/anime_kv/img/11/00/6/11006_1_8_8b.png?1551175538000
放課後ていぼう日誌,	https://cs1.anime.dmkt-sp.jp/anime_kv/img/23/74/6/23746_1_8_8b.png?1583215516000
君に届け,	https://cs1.anime.dmkt-sp.jp/anime_kv/img/21/21/9/21219_1_8_8b.png?1551264558000
ラーメン大好き小泉さん,	https://cs1.anime.dmkt-sp.jp/anime_kv/img/21/94/8/21948_1_8_8b.png?1551350624000
モブサイコ100 Ⅱ,	https://cs1.anime.dmkt-sp.jp/anime_kv/img/22/56/1/22561_1_8_8b.png?1551347271000
ちはやふる3,	https://cs1.anime.dmkt-sp.jp/anime_kv/img/23/02/8/23028_1_8_8b.png?1569902407000
五等分の花嫁∬,	https://cs1.anime.dmkt-sp.jp/anime_kv/img/24/41/0/24410_1_8_8b.png?1605603669000
クロスアンジュ 天使と竜の輪舞（ロンド）,	https://cs1.anime.dmkt-sp.jp/anime_kv/img/11/50/2/11502_1_8_8b.png?1552447124000
冴えない彼女の育てかた♭,	https://cs1.anime.dmkt-sp.jp/anime_kv/img/22/36/2/22362_1_8_8b.png?1551420528000
機動戦士ガンダム,	https://cs1.anime.dmkt-sp.jp/anime_kv/img/20/23/0/20230_1_8_8b.png?1551183195000
TIGER ＆ BUNNY,	https://cs1.anime.dmkt-sp.jp/anime_kv/img/11/55/0/11550_1_8_8b.png?1551174874000
ラブライブ！サンシャイン!!,	https://cs1.anime.dmkt-sp.jp/anime_kv/img/20/99/2/20992_1_8_8b.png?1551264758000
のだめカンタービレ,	https://cs1.anime.dmkt-sp.jp/anime_kv/img/11/19/6/11196_1_8_8b.png?1552446361000
赤髪の白雪姫 2ndシーズン,	https://cs1.anime.dmkt-sp.jp/anime_kv/img/20/52/4/20524_1_8_8b.png?1551264089000
CLANNAD　AFTER　STORY,	https://cs1.anime.dmkt-sp.jp/anime_kv/img/20/34/1/20341_1_8_8b.png?1551423833000
モブサイコ100,	https://cs1.anime.dmkt-sp.jp/anime_kv/img/22/18/1/22181_1_8_8b.png?1551354009000
妖怪アパートの幽雅な日常,	https://cs1.anime.dmkt-sp.jp/anime_kv/img/21/65/5/21655_1_8_8b.png?1551420747000
世界一初恋,	https://cs1.anime.dmkt-sp.jp/anime_kv/img/11/15/8/11158_1_8_8b.png?1552446111000
アニメ 続『刀剣乱舞-花丸-』,	https://cs1.anime.dmkt-sp.jp/anime_kv/img/21/94/2/21942_1_8_8b.png?1551347738000
彼方のアストラ,	https://cs1.anime.dmkt-sp.jp/anime_kv/img/22/82/3/22823_1_8_8b.png?1560407408000
フルーツバスケット 2nd season ,	https://cs1.anime.dmkt-sp.jp/anime_kv/img/23/86/3/23863_1_8_8b.png?1584327640000
アイカツ！,	https://cs1.anime.dmkt-sp.jp/anime_kv/img/11/48/4/11484_1_8_8b.png?1551179734000
GOSICK-ゴシック-,	https://cs1.anime.dmkt-sp.jp/anime_kv/img/10/61/2/10612_1_8_8b.png?1551177832000
3月のライオン,	https://cs1.anime.dmkt-sp.jp/anime_kv/img/21/83/7/21837_1_8_8b.png?1551352647000
学戦都市アスタリスク 2nd SEASON,	https://cs1.anime.dmkt-sp.jp/anime_kv/img/20/89/1/20891_1_8_8b.png?1552446515000
世界一初恋2,	https://cs1.anime.dmkt-sp.jp/anime_kv/img/11/15/9/11159_1_8_8b.png?1552447562000
妹さえいればいい。,	https://cs1.anime.dmkt-sp.jp/anime_kv/img/21/83/0/21830_1_8_8b.png?1551348137000
咲-Saki- 阿知賀編 episode of side-A,	https://cs1.anime.dmkt-sp.jp/anime_kv/img/11/13/3/11133_1_8_8b.png?1552445793000
艦隊これくしょん -艦これ-,	https://cs1.anime.dmkt-sp.jp/anime_kv/img/11/59/6/11596_1_8_8b.png?1552446452000
「メジャーセカンド」第２シリーズ,	https://cs1.anime.dmkt-sp.jp/anime_kv/img/23/75/2/23752_1_8_8b.png?1583915693000
頭文字[イニシャル]D 1st stage,	https://cs1.anime.dmkt-sp.jp/anime_kv/img/24/22/6/24226_1_8_8b.png?1598518875000
ガンダム　Gのレコンギスタ,	https://cs1.anime.dmkt-sp.jp/anime_kv/img/11/49/9/11499_1_8_8b.png?1552446900000
フルーツバスケット,	https://cs1.anime.dmkt-sp.jp/anime_kv/img/11/55/2/11552_1_8_8b.png?1551183124000
ハイスクール・フリート,	https://cs1.anime.dmkt-sp.jp/anime_kv/img/20/89/4/20894_1_8_8b.png?1552446259000
食戟のソーマ 豪ノ皿,	https://cs1.anime.dmkt-sp.jp/anime_kv/img/23/19/0/23190_1_8_8b.png?1584929510000
聖闘士星矢,	https://cs1.anime.dmkt-sp.jp/anime_kv/img/11/31/8/11318_1_8_8b.png?1581309036000
風が強く吹いている,	https://cs1.anime.dmkt-sp.jp/anime_kv/img/22/41/5/22415_1_8_8b.png?1551348011000
ぼくたちは勉強ができない！,	https://cs1.anime.dmkt-sp.jp/anime_kv/img/22/99/8/22998_1_8_8b.png?1568684779000
咲 -Saki- 全国編,	https://cs1.anime.dmkt-sp.jp/anime_kv/img/11/11/3/11113_1_8_8b.png?1551174425000
新世界より,	https://cs1.anime.dmkt-sp.jp/anime_kv/img/10/84/6/10846_1_8_8b.png?1551183046000
バジリスク～甲賀忍法帖～,	https://cs1.anime.dmkt-sp.jp/anime_kv/img/11/42/4/11424_1_8_8b.png?1552445375000
ベイビーステップ,	https://cs1.anime.dmkt-sp.jp/anime_kv/img/11/58/3/11583_1_8_8b.png?1551182660000
中二病でも恋がしたい！戀,	https://cs1.anime.dmkt-sp.jp/anime_kv/img/20/33/2/20332_1_8_8b.png?1551269235000
機動戦士ガンダムAGE,	https://cs1.anime.dmkt-sp.jp/anime_kv/img/11/33/5/11335_1_8_8b.png?1551182460000
ベイビーステップ 第2シリーズ,	https://cs1.anime.dmkt-sp.jp/anime_kv/img/20/48/7/20487_1_8_8b.png?1551268622000
蒼穹のファフナー,	https://cs1.anime.dmkt-sp.jp/anime_kv/img/10/70/2/10702_1_8_8b.png?1551177537000
モーレツ宇宙海賊,	https://cs1.anime.dmkt-sp.jp/anime_kv/img/10/70/7/10707_1_8_8b.png?1552447602000
空戦魔導士候補生の教官,	https://cs1.anime.dmkt-sp.jp/anime_kv/img/20/20/8/20208_1_8_8b.png?1551176902000
のうりん,	https://cs1.anime.dmkt-sp.jp/anime_kv/img/11/11/4/11114_1_8_8b.png?1551181149000
刀語,	https://cs1.anime.dmkt-sp.jp/anime_kv/img/11/21/1/11211_1_8_8b.png?1552446341000
彩雲国物語第2シリーズ,	https://cs1.anime.dmkt-sp.jp/anime_kv/img/10/60/1/10601_1_8_8b.png?1551182272000
俺がお嬢様学校に「庶民サンプル」としてゲッツされた件,	https://cs1.anime.dmkt-sp.jp/anime_kv/img/20/36/3/20363_1_8_8b.png?1551264467000
バクマン。第1シリーズ,	https://cs1.anime.dmkt-sp.jp/anime_kv/img/21/98/0/21980_1_8_8b.png?1551353144000
ＧＩＡＮＴ ＫＩＬＬＩＮＧ,	https://cs1.anime.dmkt-sp.jp/anime_kv/img/10/08/5/10085_1_8_8b.png?1551420717000
バクマン。第3シリーズ,	https://cs1.anime.dmkt-sp.jp/anime_kv/img/21/98/2/21982_1_8_8b.png?1551347099000
キラッとプリ☆チャン,	https://cs1.anime.dmkt-sp.jp/anime_kv/img/22/08/1/22081_1_8_8b.png?1554865207000
勇者になれなかった俺はしぶしぶ就職を決意しました。,	https://cs1.anime.dmkt-sp.jp/anime_kv/img/11/33/6/11336_1_8_8b.png?1551178042000
おそ松さん 第3期,	https://cs1.anime.dmkt-sp.jp/anime_kv/img/24/24/8/24248_1_8_8b.png?1604566808000
多田くんは恋をしない,	https://cs1.anime.dmkt-sp.jp/anime_kv/img/22/07/7/22077_1_8_8b.png?1551352548000
capeta,	https://cs1.anime.dmkt-sp.jp/anime_kv/img/11/15/7/11157_1_8_8b.png?1551175391000
がっこうぐらし！,	https://cs1.anime.dmkt-sp.jp/anime_kv/img/20/22/4/20224_1_8_8b.png?1551183147000
GTO,	https://cs1.anime.dmkt-sp.jp/anime_kv/img/21/30/9/21309_1_8_8b.png?1551262897000
不機嫌なモノノケ庵,	https://cs1.anime.dmkt-sp.jp/anime_kv/img/20/97/9/20979_1_8_8b.png?1551260472000
ガンダムビルドファイターズ,	https://cs1.anime.dmkt-sp.jp/anime_kv/img/11/43/8/11438_1_8_8b.png?1552446808000
グリザイアの果実,	https://cs1.anime.dmkt-sp.jp/anime_kv/img/11/50/9/11509_1_8_8b.png?1551182887000
会長はメイド様！,	https://cs1.anime.dmkt-sp.jp/anime_kv/img/21/56/7/21567_1_8_8b.png?1551265149000
TVアニメ「Free!」,	https://cs1.anime.dmkt-sp.jp/anime_kv/img/11/29/7/11297_1_8_8b.png?1551178075000
ラブライブ！サンシャイン!!TVアニメ2期,	https://cs1.anime.dmkt-sp.jp/anime_kv/img/21/80/6/21806_1_8_8b.png?1551354463000
アイドルマスター,	https://cs1.anime.dmkt-sp.jp/anime_kv/img/11/63/0/11630_1_8_8b.png?1551178053000
バクマン。第2シリーズ,	https://cs1.anime.dmkt-sp.jp/anime_kv/img/21/98/1/21981_1_8_8b.png?1551353177000
ソードアート・オンライン Extra Edition,	https://cs1.anime.dmkt-sp.jp/anime_kv/img/11/42/2/11422_1_8_8b.png?1551181127000
アイドルマスター シンデレラガールズ,	https://cs1.anime.dmkt-sp.jp/anime_kv/img/21/59/8/21598_1_8_8b.png?1551263900000
マギアレコード 魔法少女まどか☆マギカ外伝,	https://cs1.anime.dmkt-sp.jp/anime_kv/img/23/13/9/23139_1_8_8b.png?1575871913000
BanG Dream!,	https://cs1.anime.dmkt-sp.jp/anime_kv/img/21/36/8/21368_1_8_8b.png?1551266777000
ReLIFE,	https://cs1.anime.dmkt-sp.jp/anime_kv/img/21/79/3/21793_1_8_8b.png?1551420065000
活撃 刀剣乱舞,	https://cs1.anime.dmkt-sp.jp/anime_kv/img/21/63/1/21631_1_8_8b.png?1551266549000
ブラック・ジャック,	https://cs1.anime.dmkt-sp.jp/anime_kv/img/10/92/4/10924_1_8_8b.png?1551181255000
エリアの騎士,	https://cs1.anime.dmkt-sp.jp/anime_kv/img/11/28/8/11288_1_8_8b.png?1551181460000
銀魂’ 延長戦,	https://cs1.anime.dmkt-sp.jp/anime_kv/img/21/55/7/21557_1_8_8b.png?1551260592000
ホリミヤ,	https://cs1.anime.dmkt-sp.jp/anime_kv/img/24/46/4/24464_1_8_8b.png?1607911252000
∀ガンダム,	https://cs1.anime.dmkt-sp.jp/anime_kv/img/11/48/0/11480_1_8_8b.png?1552446630000
おジャ魔女どれみ,	https://cs1.anime.dmkt-sp.jp/anime_kv/img/22/62/6/22626_1_8_8b.png?1550739956000
3月のライオン 第2シリーズ,	https://cs1.anime.dmkt-sp.jp/anime_kv/img/22/71/7/22717_1_8_8b.png?1554454826000
ワンピース ウォーターセブン編,	https://cs1.anime.dmkt-sp.jp/anime_kv/img/22/91/9/22919_1_8_8b.png?1564466444000
ツルネ －風舞高校弓道部－,	https://cs1.anime.dmkt-sp.jp/anime_kv/img/22/43/6/22436_1_8_8b.png?1551352483000
『タッチ』TVシリーズ,	https://cs1.anime.dmkt-sp.jp/anime_kv/img/22/63/6/22636_1_8_8b.png?1553661094000
櫻子さんの足下には死体が埋まっている,	https://cs1.anime.dmkt-sp.jp/anime_kv/img/20/36/5/20365_1_8_8b.png?1551271175000
となりの怪物くん,	https://cs1.anime.dmkt-sp.jp/anime_kv/img/20/71/3/20713_1_8_8b.png?1551266618000
ディーふらぐ！,	https://cs1.anime.dmkt-sp.jp/anime_kv/img/11/12/0/11120_1_8_8b.png?1551181023000
みだらな青ちゃんは勉強ができない,	https://cs1.anime.dmkt-sp.jp/anime_kv/img/22/72/6/22726_1_8_8b.png?1553650404000
School Days,	https://cs1.anime.dmkt-sp.jp/anime_kv/img/10/15/4/10154_1_8_8b.png?1551177333000
ガンダムビルドファイターズトライ,	https://cs1.anime.dmkt-sp.jp/anime_kv/img/21/48/8/21488_1_8_8b.png?1551265105000
ワンピース パンクハザード編,	https://cs1.anime.dmkt-sp.jp/anime_kv/img/24/12/9/24129_1_8_8b.png?1594094612000
こどものおもちゃ,	https://cs1.anime.dmkt-sp.jp/anime_kv/img/20/27/6/20276_1_8_8b.png?1551183985000
ジパング,	https://cs1.anime.dmkt-sp.jp/anime_kv/img/11/03/2/11032_1_8_8b.png?1551421029000
残響のテロル,	https://cs1.anime.dmkt-sp.jp/anime_kv/img/11/36/7/11367_1_8_8b.png?1552444362000
進撃！巨人中学校,	https://cs1.anime.dmkt-sp.jp/anime_kv/img/20/39/3/20393_1_8_8b.png?1551262340000
TVアニメ「あんさんぶるスターズ！」,	https://cs1.anime.dmkt-sp.jp/anime_kv/img/22/84/9/22849_1_8_8b.png?1568084408000
徒然チルドレン,	https://cs1.anime.dmkt-sp.jp/anime_kv/img/21/63/5/21635_1_8_8b.png?1551265349000
結城友奈は勇者である,	https://cs1.anime.dmkt-sp.jp/anime_kv/img/11/51/2/11512_1_8_8b.png?1551180216000
機動警察パトレイバー　ON TELEVISION,	https://cs1.anime.dmkt-sp.jp/anime_kv/img/10/36/3/10363_1_8_8b.png?1551175924000
グリザイアの楽園,	https://cs1.anime.dmkt-sp.jp/anime_kv/img/20/12/2/20122_1_8_8b.png?1551420080000
それでも世界は美しい,	https://cs1.anime.dmkt-sp.jp/anime_kv/img/11/26/8/11268_1_8_8b.png?1552447965000
キノの旅 -the Beautiful World- the Animated Series,	https://cs1.anime.dmkt-sp.jp/anime_kv/img/21/79/7/21797_1_8_8b.png?1551353763000
リトルバスターズ！,	https://cs1.anime.dmkt-sp.jp/anime_kv/img/20/43/4/20434_1_8_8b.png?1551263441000
Free! - Eternal Summer -,	https://cs1.anime.dmkt-sp.jp/anime_kv/img/11/37/4/11374_1_8_8b.png?1551183513000
富豪刑事 Balance:UNLIMITED,	https://cs1.anime.dmkt-sp.jp/anime_kv/img/23/75/1/23751_1_8_8b.png?1584954146000
この世の果てで恋を唄う少女YU-NO,	https://cs1.anime.dmkt-sp.jp/anime_kv/img/22/69/2/22692_1_8_8b.png?1553495495000
アイカツ！（2ndシーズン）,	https://cs1.anime.dmkt-sp.jp/anime_kv/img/20/30/6/20306_1_8_8b.png?1551269057000
プリティーリズム・レインボーライブ,	https://cs1.anime.dmkt-sp.jp/anime_kv/img/21/20/5/21205_1_8_8b.png?1551348326000
ワンピース ホールケーキアイランド編,	https://cs1.anime.dmkt-sp.jp/anime_kv/img/24/14/6/24146_1_8_8b.png?1599037529000
ヤマノススメ セカンドシーズン,	https://cs1.anime.dmkt-sp.jp/anime_kv/img/20/48/3/20483_1_8_8b.png?1551261657000
頭文字[イニシャル]D Fourth Stage,	https://cs1.anime.dmkt-sp.jp/anime_kv/img/24/23/2/24232_1_8_8b.png?1598518857000
ルパン三世 PART4,	https://cs1.anime.dmkt-sp.jp/anime_kv/img/21/21/1/21211_1_8_8b.png?1551270062000
金田一少年の事件簿R,	https://cs1.anime.dmkt-sp.jp/anime_kv/img/11/23/8/11238_1_8_8b.png?1552447489000
図書館戦争,	https://cs1.anime.dmkt-sp.jp/anime_kv/img/10/80/1/10801_1_8_8b.png?1552446034000
輪るピングドラム,	https://cs1.anime.dmkt-sp.jp/anime_kv/img/10/62/5/10625_1_8_8b.png?1551177673000
シドニアの騎士,	https://cs1.anime.dmkt-sp.jp/anime_kv/img/11/25/0/11250_1_8_8b.png?1551176520000
カウボーイビバップ,	https://cs1.anime.dmkt-sp.jp/anime_kv/img/11/31/4/11314_1_8_8b.png?1551421152000
ワンピース スリラーバーク編,	https://cs1.anime.dmkt-sp.jp/anime_kv/img/24/12/3/24123_1_8_8b.png?1594094634000
好きっていいなよ。,	https://cs1.anime.dmkt-sp.jp/anime_kv/img/11/30/3/11303_1_8_8b.png?1551174216000
聖闘士星矢Ω,	https://cs1.anime.dmkt-sp.jp/anime_kv/img/20/13/3/20133_1_8_8b.png?1551421845000
ワンピース 空島・スカイピア編,	https://cs1.anime.dmkt-sp.jp/anime_kv/img/22/91/7/22917_1_8_8b.png?1564466437000
乱歩奇譚　Game of Laplace,	https://cs1.anime.dmkt-sp.jp/anime_kv/img/20/16/8/20168_1_8_8b.png?1551178973000
BanG Dream! 2nd Season,	https://cs1.anime.dmkt-sp.jp/anime_kv/img/22/52/9/22529_1_8_8b.png?1551352764000
たまこまーけっと,	https://cs1.anime.dmkt-sp.jp/anime_kv/img/20/32/5/20325_1_8_8b.png?1551421604000
月がきれい,	https://cs1.anime.dmkt-sp.jp/anime_kv/img/21/58/8/21588_1_8_8b.png?1551420502000
うたの☆プリンスさまっ♪ マジLOVE1000％,	https://cs1.anime.dmkt-sp.jp/anime_kv/img/11/30/2/11302_1_8_8b.png?1551176673000
ワンピース インペルダウン編,	https://cs1.anime.dmkt-sp.jp/anime_kv/img/24/12/6/24126_1_8_8b.png?1594094512000
ワンピース ゾウ編,	https://cs1.anime.dmkt-sp.jp/anime_kv/img/24/13/2/24132_1_8_8b.png?1594096241000
王室教師ハイネ,	https://cs1.anime.dmkt-sp.jp/anime_kv/img/21/53/2/21532_1_8_8b.png?1551261783000
デュラララ!!×２ 承,	https://cs1.anime.dmkt-sp.jp/anime_kv/img/11/59/5/11595_1_8_8b.png?1551181978000
ボールルームへようこそ,	https://cs1.anime.dmkt-sp.jp/anime_kv/img/22/52/2/22522_1_8_8b.png?1551348813000
ROBOTICS;NOTES,	https://cs1.anime.dmkt-sp.jp/anime_kv/img/11/19/0/11190_1_8_8b.png?1552446330000
亜人ちゃんは語りたい,	https://cs1.anime.dmkt-sp.jp/anime_kv/img/22/00/8/22008_1_8_8b.png?1551347157000
やがて君になる,	https://cs1.anime.dmkt-sp.jp/anime_kv/img/22/40/2/22402_1_8_8b.png?1551346456000
ワンピース さよならメリー号編,	https://cs1.anime.dmkt-sp.jp/anime_kv/img/22/93/1/22931_1_8_8b.png?1564466465000
少女終末旅行,	https://cs1.anime.dmkt-sp.jp/anime_kv/img/21/82/6/21826_1_8_8b.png?1551424077000
アイドリッシュセブン,	https://cs1.anime.dmkt-sp.jp/anime_kv/img/21/90/5/21905_1_8_8b.png?1551350581000
Just Because！,	https://cs1.anime.dmkt-sp.jp/anime_kv/img/21/80/8/21808_1_8_8b.png?1551353957000
恋する小惑星（アステロイド）,	https://cs1.anime.dmkt-sp.jp/anime_kv/img/23/17/2/23172_1_8_8b.png?1575597891000
イタズラなKiss,	https://cs1.anime.dmkt-sp.jp/anime_kv/img/10/35/9/10359_1_8_8b.png?1551180457000
ラブライブ！虹ヶ咲学園スクールアイドル同好会,	https://cs1.anime.dmkt-sp.jp/anime_kv/img/24/30/5/24305_1_8_8b.png?1600337034000
サクラダリセット,	https://cs1.anime.dmkt-sp.jp/anime_kv/img/21/51/5/21515_1_8_8b.png?1551266305000
蟲師 続章,	https://cs1.anime.dmkt-sp.jp/anime_kv/img/11/51/8/11518_1_8_8b.png?1576571454000
ランウェイで笑って,	https://cs1.anime.dmkt-sp.jp/anime_kv/img/23/16/6/23166_1_8_8b.png?1575871729000
不機嫌なモノノケ庵 續,	https://cs1.anime.dmkt-sp.jp/anime_kv/img/22/57/1/22571_1_8_8b.png?1551347503000
はねバド！,	https://cs1.anime.dmkt-sp.jp/anime_kv/img/22/26/3/22263_1_8_8b.png?1551352325000
僕らはみんな河合荘,	https://cs1.anime.dmkt-sp.jp/anime_kv/img/21/56/4/21564_1_8_8b.png?1551266736000
プリパラ 2nd season,	https://cs1.anime.dmkt-sp.jp/anime_kv/img/21/47/1/21471_1_8_8b.png?1551259906000
プリパラ,	https://cs1.anime.dmkt-sp.jp/anime_kv/img/21/47/0/21470_1_8_8b.png?1551269527000
NANA－ナナ－,	https://cs1.anime.dmkt-sp.jp/anime_kv/img/20/51/8/20518_1_8_8b.png?1551261858000
ひとりじめマイヒーロー,	https://cs1.anime.dmkt-sp.jp/anime_kv/img/21/63/8/21638_1_8_8b.png?1551261934000
「メジャーセカンド」第１シリーズ,	https://cs1.anime.dmkt-sp.jp/anime_kv/img/23/61/3/23613_1_8_8b.png?1581314431000
Fairy gone フェアリーゴーン,	https://cs1.anime.dmkt-sp.jp/anime_kv/img/22/67/6/22676_1_8_8b.png?1568862072000
鹿楓堂よついろ日和,	https://cs1.anime.dmkt-sp.jp/anime_kv/img/22/13/2/22132_1_8_8b.png?1551351877000
スロウスタート,	https://cs1.anime.dmkt-sp.jp/anime_kv/img/21/93/0/21930_1_8_8b.png?1551350965000
火ノ丸相撲,	https://cs1.anime.dmkt-sp.jp/anime_kv/img/22/42/3/22423_1_8_8b.png?1551350249000
電脳コイル　デンノウコイル,	https://cs1.anime.dmkt-sp.jp/anime_kv/img/20/27/0/20270_1_8_8b.png?1552445258000
うさぎドロップ,	https://cs1.anime.dmkt-sp.jp/anime_kv/img/11/17/8/11178_1_8_8b.png?1552446151000
ちおちゃんの通学路,	https://cs1.anime.dmkt-sp.jp/anime_kv/img/22/22/3/22223_1_8_8b.png?1551354232000
ワンピース グランドライン突入編,	https://cs1.anime.dmkt-sp.jp/anime_kv/img/20/60/4/20604_1_8_8b.png?1564471835000
ワンピース CP9編,	https://cs1.anime.dmkt-sp.jp/anime_kv/img/22/93/0/22930_1_8_8b.png?1564466451000
荒ぶる季節の乙女どもよ。,	https://cs1.anime.dmkt-sp.jp/anime_kv/img/22/69/6/22696_1_8_8b.png?1562043600000
君に届け　2ND SEASON,	https://cs1.anime.dmkt-sp.jp/anime_kv/img/21/22/0/21220_1_8_8b.png?1551260829000
ガラスの仮面,	https://cs1.anime.dmkt-sp.jp/anime_kv/img/10/71/2/10712_1_8_8b.png?1551421730000
無彩限のファントム・ワールド,	https://cs1.anime.dmkt-sp.jp/anime_kv/img/20/53/7/20537_1_8_8b.png?1566181808000
球詠,	https://cs1.anime.dmkt-sp.jp/anime_kv/img/23/88/7/23887_1_8_8b.png?1585121407000
Re:ゼロから始める異世界生活 Memory Snow,	https://cs1.anime.dmkt-sp.jp/anime_kv/img/23/06/6/23066_1_8_8b.png?1570762807000
プリパラ 3rd season,	https://cs1.anime.dmkt-sp.jp/anime_kv/img/21/49/9/21499_1_8_8b.png?1551271036000
じょしらく,	https://cs1.anime.dmkt-sp.jp/anime_kv/img/21/08/7/21087_1_8_8b.png?1551267709000
終末のイゼッタ,	https://cs1.anime.dmkt-sp.jp/anime_kv/img/21/10/7/21107_1_8_8b.png?1551263025000
うどんの国の金色毛鞠,	https://cs1.anime.dmkt-sp.jp/anime_kv/img/21/17/9/21179_1_8_8b.png?1551267794000
A3!,	https://cs1.anime.dmkt-sp.jp/anime_kv/img/23/15/7/23157_1_8_8b.png?1605834110000
プラスティック・メモリーズ,	https://cs1.anime.dmkt-sp.jp/anime_kv/img/20/09/2/20092_1_8_8b.png?1551174768000
警視庁 特務部 特殊凶悪犯対策室 第七課 -トクナナ-,	https://cs1.anime.dmkt-sp.jp/anime_kv/img/22/98/9/22989_1_8_8b.png?1568769106000
デュラララ!!×２ 転,	https://cs1.anime.dmkt-sp.jp/anime_kv/img/20/16/5/20165_1_8_8b.png?1551182120000
蒼穹のファフナー EXODUS,	https://cs1.anime.dmkt-sp.jp/anime_kv/img/11/60/6/11606_1_8_8b.png?1551421128000
獣の奏者　エリン,	https://cs1.anime.dmkt-sp.jp/anime_kv/img/22/73/9/22739_1_8_8b.png?1556184640000
少年メイド,	https://cs1.anime.dmkt-sp.jp/anime_kv/img/20/87/5/20875_1_8_8b.png?1551262749000
To LOVEる-とらぶる-ダークネス,	https://cs1.anime.dmkt-sp.jp/anime_kv/img/20/91/3/20913_1_8_8b.png?1551266915000
クズの本懐,	https://cs1.anime.dmkt-sp.jp/anime_kv/img/22/18/0/22180_1_8_8b.png?1551347829000
東のエデン,	https://cs1.anime.dmkt-sp.jp/anime_kv/img/11/18/5/11185_1_8_8b.png?1552445537000
Free!-Dive to the Future-,	https://cs1.anime.dmkt-sp.jp/anime_kv/img/22/24/6/22246_1_8_8b.png?1566181822000
アルプスの少女ハイジ,	/img/img_lazySpace.gif
ワンピース チョッパー登場・冬島編,	/img/img_lazySpace.gif
龍ヶ嬢七々々の埋蔵金,	https://cs1.anime.dmkt-sp.jp/anime_kv/img/11/23/9/11239_1_8_8b.png?1552444981000
ログ・ホライズン 円卓崩壊,	https://cs1.anime.dmkt-sp.jp/anime_kv/img/24/35/0/24350_1_8_8b.png?1607070678000
宝石商リチャード氏の謎鑑定,	https://cs1.anime.dmkt-sp.jp/anime_kv/img/23/16/3/23163_1_8_8b.png?1577068237000
TARI　TARI,	https://cs1.anime.dmkt-sp.jp/anime_kv/img/10/51/2/10512_1_8_8b.png?1551347921000
うたの☆プリンスさまっ♪ マジLOVE2000％,	https://cs1.anime.dmkt-sp.jp/anime_kv/img/11/58/8/11588_1_8_8b.png?1551353810000
ウマ娘 プリティーダービー Season 2,	https://cs1.anime.dmkt-sp.jp/anime_kv/img/24/46/2/24462_1_8_8b.png?1607911271000
恋と嘘,	https://cs1.anime.dmkt-sp.jp/anime_kv/img/21/63/3/21633_1_8_8b.png?1551264516000
ワンピース エニエス・ロビー編,	https://cs1.anime.dmkt-sp.jp/anime_kv/img/22/92/0/22920_1_8_8b.png?1564466480000
もやしもん,	https://cs1.anime.dmkt-sp.jp/anime_kv/img/11/19/2/11192_1_8_8b.png?1554710439000
魔法戦争,	https://cs1.anime.dmkt-sp.jp/anime_kv/img/11/13/4/11134_1_8_8b.png?1551182604000
プリティーリズム・オーロラドリーム,	/img/img_lazySpace.gif
彼氏彼女の事情,	/img/img_lazySpace.gif
東京マグニチュード８．０,	https://cs1.anime.dmkt-sp.jp/anime_kv/img/11/19/4/11194_1_8_8b.png?1552445012000
も～っと！おジャ魔女どれみ,	https://cs1.anime.dmkt-sp.jp/anime_kv/img/22/78/5/22785_1_8_8b.png?1558084027000
ブギーポップは笑わない,	https://cs1.anime.dmkt-sp.jp/anime_kv/img/22/57/0/22570_1_8_8b.png?1551346611000
さらざんまい,	https://cs1.anime.dmkt-sp.jp/anime_kv/img/22/67/7/22677_1_8_8b.png?1554447634000
金田一少年の事件簿Ｒ（2015）,	https://cs1.anime.dmkt-sp.jp/anime_kv/img/20/37/8/20378_1_8_8b.png?1551261633000
ヤマノススメ サードシーズン,	https://cs1.anime.dmkt-sp.jp/anime_kv/img/22/24/5/22245_1_8_8b.png?1551350469000
のだめカンタービレ　フィナーレ,	https://cs1.anime.dmkt-sp.jp/anime_kv/img/11/19/8/11198_1_8_8b.png?1551182001000
ACCA13区監察課,	https://cs1.anime.dmkt-sp.jp/anime_kv/img/22/73/2/22732_1_8_8b.png?1553648412000
おジャ魔女どれみ♯,	https://cs1.anime.dmkt-sp.jp/anime_kv/img/22/78/2/22782_1_8_8b.png?1558084252000
デュラララ!!×２ 結,	https://cs1.anime.dmkt-sp.jp/anime_kv/img/20/54/5/20545_1_8_8b.png?1551262654000
アルスラーン戦記　風塵乱舞,	https://cs1.anime.dmkt-sp.jp/anime_kv/img/20/99/5/20995_1_8_8b.png?1551265698000
クロックワーク・プラネット,	https://cs1.anime.dmkt-sp.jp/anime_kv/img/21/51/3/21513_1_8_8b.png?1551265858000
ふしぎの海のナディア,	https://cs1.anime.dmkt-sp.jp/anime_kv/img/10/11/5/10115_1_8_8b.png?1551175685000
有頂天家族,	https://cs1.anime.dmkt-sp.jp/anime_kv/img/20/07/5/20075_1_8_8b.png?1551181425000
イエスタデイをうたって,	https://cs1.anime.dmkt-sp.jp/anime_kv/img/23/75/5/23755_1_8_8b.png?1584605067000
少女☆歌劇 レヴュースタァライト,	https://cs1.anime.dmkt-sp.jp/anime_kv/img/22/25/4/22254_1_8_8b.png?1551351855000
さよなら絶望先生,	https://cs1.anime.dmkt-sp.jp/anime_kv/img/20/42/4/20424_1_8_8b.png?1551266948000
オオカミ少女と黒王子,	https://cs1.anime.dmkt-sp.jp/anime_kv/img/20/44/4/20444_1_8_8b.png?1551267385000
うたの☆プリンスさまっ♪ マジLOVEレジェンドスター,	https://cs1.anime.dmkt-sp.jp/anime_kv/img/21/15/7/21157_1_8_8b.png?1551269779000
有頂天家族２,	https://cs1.anime.dmkt-sp.jp/anime_kv/img/21/50/9/21509_1_8_8b.png?1551264723000
のだめカンタービレ 巴里編,	https://cs1.anime.dmkt-sp.jp/anime_kv/img/11/19/7/11197_1_8_8b.png?1552446922000
城下町のダンデライオン,	https://cs1.anime.dmkt-sp.jp/anime_kv/img/20/16/3/20163_1_8_8b.png?1551178314000
蒼穹のファフナー EXODUS “第２クール”,	https://cs1.anime.dmkt-sp.jp/anime_kv/img/20/37/3/20373_1_8_8b.png?1551265567000
Phantom～Requiem for the Phantom～,	https://cs1.anime.dmkt-sp.jp/anime_kv/img/10/32/5/10325_1_8_8b.png?1551175401000
アイドルタイムプリパラ,	https://cs1.anime.dmkt-sp.jp/anime_kv/img/21/78/4/21784_1_8_8b.png?1551351299000
潔癖男子！青山くん,	https://cs1.anime.dmkt-sp.jp/anime_kv/img/21/63/2/21632_1_8_8b.png?1551260015000
琴浦さん,	https://cs1.anime.dmkt-sp.jp/anime_kv/img/10/73/0/10730_1_8_8b.png?1551175748000
アイドルマスター SideM,	https://cs1.anime.dmkt-sp.jp/anime_kv/img/21/80/5/21805_1_8_8b.png?1552445693000
はるかなレシーブ,	https://cs1.anime.dmkt-sp.jp/anime_kv/img/22/22/4/22224_1_8_8b.png?1551346634000
Re:ゼロから始める異世界生活 氷結の絆,	https://cs1.anime.dmkt-sp.jp/anime_kv/img/23/98/0/23980_1_8_8b.png?1589765408000
Occultic;Nine -オカルティック・ナイン-,	https://cs1.anime.dmkt-sp.jp/anime_kv/img/21/17/1/21171_1_8_8b.png?1551261757000
ワンピース 空島・黄金の鐘編,	https://cs1.anime.dmkt-sp.jp/anime_kv/img/22/92/2/22922_1_8_8b.png?1564466407000
テイルズ オブ ゼスティリア ザ クロス,	https://cs1.anime.dmkt-sp.jp/anime_kv/img/20/99/6/20996_1_8_8b.png?1581917777000
波よ聞いてくれ,	https://cs1.anime.dmkt-sp.jp/anime_kv/img/23/76/6/23766_1_8_8b.png?1584929135000
放課後さいころ倶楽部,	https://cs1.anime.dmkt-sp.jp/anime_kv/img/23/03/3/23033_1_8_8b.png?1568962807000
おちこぼれフルーツタルト,	https://cs1.anime.dmkt-sp.jp/anime_kv/img/24/30/0/24300_1_8_8b.png?1600133948000
バッカーノ！,	https://cs1.anime.dmkt-sp.jp/anime_kv/img/10/76/6/10766_1_8_8b.png?1576571407000
TVアニメ｢Rewrite｣,	https://cs1.anime.dmkt-sp.jp/anime_kv/img/20/99/3/20993_1_8_8b.png?1552445396000
もやしもんリターンズ,	https://cs1.anime.dmkt-sp.jp/anime_kv/img/11/18/0/11180_1_8_8b.png?1552446423000
おジャ魔女どれみドッカ～ン！,	https://cs1.anime.dmkt-sp.jp/anime_kv/img/22/78/3/22783_1_8_8b.png?1558083814000
勝負師伝説哲也,	https://cs1.anime.dmkt-sp.jp/anime_kv/img/21/09/0/21090_1_8_8b.png?1551267133000
色づく世界の明日から,	https://cs1.anime.dmkt-sp.jp/anime_kv/img/23/48/0/23480_1_8_8b.png?1581314407000
アイカツスターズ！,	https://cs1.anime.dmkt-sp.jp/anime_kv/img/21/96/2/21962_1_8_8b.png?1551352240000
うたの☆プリンスさまっ♪ マジLOVEレボリューションズ,	https://cs1.anime.dmkt-sp.jp/anime_kv/img/20/40/5/20405_1_8_8b.png?1551422998000
モノノ怪,	https://cs1.anime.dmkt-sp.jp/anime_kv/img/11/17/0/11170_1_8_8b.png?1552446121000
アイカツ！（3rdシーズン）,	https://cs1.anime.dmkt-sp.jp/anime_kv/img/21/99/3/21993_1_8_8b.png?1551353099000
四畳半神話大系,	https://cs1.anime.dmkt-sp.jp/anime_kv/img/11/20/1/11201_1_8_8b.png?1552446083000
実は私は,	https://cs1.anime.dmkt-sp.jp/anime_kv/img/20/22/6/20226_1_8_8b.png?1551184213000
聖戦士ダンバイン,	https://cs1.anime.dmkt-sp.jp/anime_kv/img/11/41/6/11416_1_8_8b.png?1551422502000
N・H・Kにようこそ!,	https://cs1.anime.dmkt-sp.jp/anime_kv/img/10/33/7/10337_1_8_8b.png?1551177976000
真・中華一番！,	https://cs1.anime.dmkt-sp.jp/anime_kv/img/23/01/6/23016_1_8_8b.png?1607563985000
ツキウタ。 THE ANIMATION,	https://cs1.anime.dmkt-sp.jp/anime_kv/img/20/99/7/20997_1_8_8b.png?1551262951000
バジリスク ～桜花忍法帖～,	https://cs1.anime.dmkt-sp.jp/anime_kv/img/21/95/1/21951_1_8_8b.png?1551352612000
電波女と青春男,	https://cs1.anime.dmkt-sp.jp/anime_kv/img/21/83/8/21838_1_8_8b.png?1564642963000
セイレン,	https://cs1.anime.dmkt-sp.jp/anime_kv/img/21/38/1/21381_1_8_8b.png?1551265375000
RAIL WARS！,	https://cs1.anime.dmkt-sp.jp/anime_kv/img/11/36/8/11368_1_8_8b.png?1551174685000
TRICKSTER -江戸川乱歩「少年探偵団」より-,	https://cs1.anime.dmkt-sp.jp/anime_kv/img/21/16/2/21162_1_8_8b.png?1551265072000
カオスヘッド,	https://cs1.anime.dmkt-sp.jp/anime_kv/img/10/47/0/10470_1_8_8b.png?1551175572000
頭文字[イニシャル]D Second Stage,	https://cs1.anime.dmkt-sp.jp/anime_kv/img/24/22/7/24227_1_8_8b.png?1598518840000
少女革命ウテナ,	https://cs1.anime.dmkt-sp.jp/anime_kv/img/22/03/5/22035_1_8_8b.png?1551353856000
citrus,	https://cs1.anime.dmkt-sp.jp/anime_kv/img/21/93/2/21932_1_8_8b.png?1551354553000
ココロコネクト,	https://cs1.anime.dmkt-sp.jp/anime_kv/img/22/50/2/22502_1_8_8b.png?1551350806000
GANTZ (オンエア版),	https://cs1.anime.dmkt-sp.jp/anime_kv/img/21/09/2/21092_1_8_8b.png?1551259986000
霊剣山　星屑たちの宴,	https://cs1.anime.dmkt-sp.jp/anime_kv/img/20/55/4/20554_1_8_8b.png?1551263302000
天使の3P！,	/img/img_lazySpace.gif
ギヴン,	/img/img_lazySpace.gif
すべてがFになる　THE　PERFECT　INSIDER,	/img/img_lazySpace.gif
DOUBLE DECKER! ダグ＆キリル,	/img/img_lazySpace.gif
デッドマン・ワンダーランド,	/img/img_lazySpace.gif
ばくおん!!,	/img/img_lazySpace.gif
アニメ「ISLAND」,	/img/img_lazySpace.gif
Ｍ３～ソノ黒キ鋼～,	/img/img_lazySpace.gif
ベルサイユのばら,	https://cs1.anime.dmkt-sp.jp/anime_kv/img/10/30/7/10307_1_8_8b.png?1569981607000
くまみこ,	https://cs1.anime.dmkt-sp.jp/anime_kv/img/20/87/6/20876_1_8_8b.png?1551267783000
ヒロイック・エイジ,	https://cs1.anime.dmkt-sp.jp/anime_kv/img/11/54/4/11544_1_8_8b.png?1551179365000
寄宿学校のジュリエット,	https://cs1.anime.dmkt-sp.jp/anime_kv/img/23/03/2/23032_1_8_8b.png?1578362698000
ワンピース シャボンディ諸島編,	https://cs1.anime.dmkt-sp.jp/anime_kv/img/24/12/4/24124_1_8_8b.png?1594096208000
あんハピ♪,	https://cs1.anime.dmkt-sp.jp/anime_kv/img/20/88/3/20883_1_8_8b.png?1551269144000
翠星のガルガンティア,	https://cs1.anime.dmkt-sp.jp/anime_kv/img/11/39/2/11392_1_8_8b.png?1609745406000
BanG Dream! 3rd Season,	https://cs1.anime.dmkt-sp.jp/anime_kv/img/23/17/7/23177_1_8_8b.png?1577151042000
アイドリッシュセブン Second BEAT!,	https://cs1.anime.dmkt-sp.jp/anime_kv/img/23/19/1/23191_1_8_8b.png?1585278036000
ガールズ＆パンツァー 劇場版,	https://cs1.anime.dmkt-sp.jp/anime_kv/img/22/78/1/22781_1_8_8b.png?1557721809000
ペリーヌ物語,	https://cs1.anime.dmkt-sp.jp/anime_kv/img/20/19/0/20190_1_8_8b.png?1551182033000
キノの旅-the Beautiful World-,	https://cs1.anime.dmkt-sp.jp/anime_kv/img/10/00/2/10002_1_8_8b.png?1550563305000
星合の空,	https://cs1.anime.dmkt-sp.jp/anime_kv/img/22/88/8/22888_1_8_8b.png?1568862217000
ワールド・デストラクション ～世界撲滅の六人～,	https://cs1.anime.dmkt-sp.jp/anime_kv/img/11/10/2/11102_1_8_8b.png?1552446310000
アクセル・ワールド－インフィニット・バースト－,	https://cs1.anime.dmkt-sp.jp/anime_kv/img/21/29/4/21294_1_8_8b.png?1551349170000
コードギアス 亡国のアキト,	https://cs1.anime.dmkt-sp.jp/anime_kv/img/21/96/5/21965_1_8_8b.png?1552447852000
荒野のコトブキ飛行隊,	/img/img_lazySpace.gif
プリンス・オブ・ストライド オルタナティブ,	/img/img_lazySpace.gif
グリザイア：ファントムトリガー THE ANIMATION,	/img/img_lazySpace.gif
悪魔のリドル,	/img/img_lazySpace.gif
キングダム 第3シリーズ,	https://cs1.anime.dmkt-sp.jp/anime_kv/img/23/76/5/23765_1_8_8b.png?1615347005000
秘密　～The Revelation～,	https://cs1.anime.dmkt-sp.jp/anime_kv/img/11/34/6/11346_1_8_8b.png?1552447237000
八月のシンデレラナイン,	https://cs1.anime.dmkt-sp.jp/anime_kv/img/22/69/0/22690_1_8_8b.png?1551920457000
ハナヤマタ,	https://cs1.anime.dmkt-sp.jp/anime_kv/img/11/36/9/11369_1_8_8b.png?1551177482000
風夏,	https://cs1.anime.dmkt-sp.jp/anime_kv/img/21/33/5/21335_1_8_8b.png?1551266722000
91days,	https://cs1.anime.dmkt-sp.jp/anime_kv/img/21/35/0/21350_1_8_8b.png?1551261226000
プリティーリズム・ディアマイフューチャー,	https://cs1.anime.dmkt-sp.jp/anime_kv/img/21/20/4/21204_1_8_8b.png?1551261991000
ワンピース フォクシー海賊団編,	https://cs1.anime.dmkt-sp.jp/anime_kv/img/22/92/3/22923_1_8_8b.png?1564466458000
マナリアフレンズ　エクストラパート付,	https://cs1.anime.dmkt-sp.jp/anime_kv/img/22/56/0/22560_1_8_8b.png?1551353284000
ワンピース 女ヶ島編,	https://cs1.anime.dmkt-sp.jp/anime_kv/img/24/12/5/24125_1_8_8b.png?1594094463000
B-PROJECT～鼓動＊アンビシャス～,	https://cs1.anime.dmkt-sp.jp/anime_kv/img/21/00/1/21001_1_8_8b.png?1551264003000
バンブーブレード(BAMBOO BLADE),	https://cs1.anime.dmkt-sp.jp/anime_kv/img/10/70/4/10704_1_8_8b.png?1552446535000
RDG レッドデータガール,	https://cs1.anime.dmkt-sp.jp/anime_kv/img/10/85/7/10857_1_8_8b.png?1551182951000
聖闘士星矢 - 黄金魂 soul of gold -,	https://cs1.anime.dmkt-sp.jp/anime_kv/img/20/11/0/20110_1_8_8b.png?1551177853000
KING OF PRISM -Shiny Seven Stars-,	https://cs1.anime.dmkt-sp.jp/anime_kv/img/22/68/2/22682_1_8_8b.png?1553497395000
COPPELION,	https://cs1.anime.dmkt-sp.jp/anime_kv/img/11/56/6/11566_1_8_8b.png?1551182714000
BECK,	https://cs1.anime.dmkt-sp.jp/anime_kv/img/10/94/0/10940_1_8_8b.png?1551177987000
へうげもの,	https://cs1.anime.dmkt-sp.jp/anime_kv/img/10/34/9/10349_1_8_8b.png?1551175706000
ハルチカ～ハルタとチカは青春する～,	https://cs1.anime.dmkt-sp.jp/anime_kv/img/20/52/6/20526_1_8_8b.png?1551270680000
黄昏乙女×アムネジア,	https://cs1.anime.dmkt-sp.jp/anime_kv/img/11/40/3/11403_1_8_8b.png?1552445822000
俗・さよなら絶望先生,	https://cs1.anime.dmkt-sp.jp/anime_kv/img/20/42/5/20425_1_8_8b.png?1551266500000
蒼天航路,	https://cs1.anime.dmkt-sp.jp/anime_kv/img/20/91/7/20917_1_8_8b.png?1551422187000
ブラスレイター,	https://cs1.anime.dmkt-sp.jp/anime_kv/img/10/59/0/10590_1_8_8b.png?1552446991000
Kanon,	https://cs1.anime.dmkt-sp.jp/anime_kv/img/20/33/0/20330_1_8_8b.png?1551266191000
AIR,	https://cs1.anime.dmkt-sp.jp/anime_kv/img/20/33/1/20331_1_8_8b.png?1551262971000
シャングリ・ラ,	https://cs1.anime.dmkt-sp.jp/anime_kv/img/10/34/5/10345_1_8_8b.png?1551184673000
霊剣山 叡智への資格,	https://cs1.anime.dmkt-sp.jp/anime_kv/img/21/36/3/21363_1_8_8b.png?1551265451000
涼風,	https://cs1.anime.dmkt-sp.jp/anime_kv/img/11/15/6/11156_1_8_8b.png?1551180871000
未来少年コナン,	https://cs1.anime.dmkt-sp.jp/anime_kv/img/10/22/6/10226_1_8_8b.png?1551179880000
SHOW BY ROCK！！,	https://cs1.anime.dmkt-sp.jp/anime_kv/img/20/08/7/20087_1_8_8b.png?1551182066000
ひぐらしのなく頃に礼,	https://cs1.anime.dmkt-sp.jp/anime_kv/img/11/14/7/11147_1_8_8b.png?1551179813000
げんしけん二代目,	https://cs1.anime.dmkt-sp.jp/anime_kv/img/10/90/5/10905_1_8_8b.png?1551179543000
アイカツスターズ！（2ndシーズン）,	/img/img_lazySpace.gif
スタミュ,	/img/img_lazySpace.gif
キズナイーバー,	/img/img_lazySpace.gif
UN-GO,	/img/img_lazySpace.gif
迷家-マヨイガ-,	https://cs1.anime.dmkt-sp.jp/anime_kv/img/20/98/9/20989_1_8_8b.png?1551266339000
ワンダーエッグ・プライオリティ,	https://cs1.anime.dmkt-sp.jp/anime_kv/img/24/42/4/24424_1_8_8b.png?1608175949000
げんしけん,	https://cs1.anime.dmkt-sp.jp/anime_kv/img/10/97/2/10972_1_8_8b.png?1552447011000
テイルズ オブ ゼスティリア ザ クロス　第2期,	https://cs1.anime.dmkt-sp.jp/anime_kv/img/21/35/9/21359_1_8_8b.png?1551260806000
結城友奈は勇者である -鷲尾須美の章-／-勇者の章-,	https://cs1.anime.dmkt-sp.jp/anime_kv/img/22/66/1/22661_1_8_8b.png?1551070847000
ガーリッシュ ナンバー,	https://cs1.anime.dmkt-sp.jp/anime_kv/img/21/16/9/21169_1_8_8b.png?1551271266000
小公女セーラ,	https://cs1.anime.dmkt-sp.jp/anime_kv/img/20/24/5/20245_1_8_8b.png?1551181700000
普通の女子校生が【ろこどる】やってみた。,	https://cs1.anime.dmkt-sp.jp/anime_kv/img/11/37/1/11371_1_8_8b.png?1551176652000
TSUKIPRO THE ANIMATION,	https://cs1.anime.dmkt-sp.jp/anime_kv/img/21/78/6/21786_1_8_8b.png?1551347660000
S・A～スペシャル・エー～,	https://cs1.anime.dmkt-sp.jp/anime_kv/img/10/59/5/10595_1_8_8b.png?1551174598000
昭和元禄落語心中,	https://cs1.anime.dmkt-sp.jp/anime_kv/img/21/14/2/21142_1_8_8b.png?1551265662000
アニマエール！,	https://cs1.anime.dmkt-sp.jp/anime_kv/img/22/41/6/22416_1_8_8b.png?1551348899000
つり球,	https://cs1.anime.dmkt-sp.jp/anime_kv/img/11/17/9/11179_1_8_8b.png?1552445903000
RD潜脳調査室,	https://cs1.anime.dmkt-sp.jp/anime_kv/img/10/46/9/10469_1_8_8b.png?1552444373000
おくさまが生徒会長！,	https://cs1.anime.dmkt-sp.jp/anime_kv/img/20/17/2/20172_1_8_8b.png?1551175037000
パンチライン,	https://cs1.anime.dmkt-sp.jp/anime_kv/img/20/10/8/20108_1_8_8b.png?1551181538000
体操ザムライ,	https://cs1.anime.dmkt-sp.jp/anime_kv/img/24/31/5/24315_1_8_8b.png?1601026321000
劇場版 あの日見た花の名前を僕達はまだ知らない。,	https://cs1.anime.dmkt-sp.jp/anime_kv/img/20/29/0/20290_1_8_8b.png?1551260449000
神さまのいない日曜日,	https://cs1.anime.dmkt-sp.jp/anime_kv/img/10/88/5/10885_1_8_8b.png?1551174533000
満月をさがして,	https://cs1.anime.dmkt-sp.jp/anime_kv/img/20/91/5/20915_1_8_8b.png?1551266882000
2.43 清陰高校男子バレー部,	https://cs1.anime.dmkt-sp.jp/anime_kv/img/24/34/3/24343_1_8_8b.png?1608102176000
魍魎の匣,	https://cs1.anime.dmkt-sp.jp/anime_kv/img/11/33/2/11332_1_8_8b.png?1552447289000
若おかみは小学生！,	https://cs1.anime.dmkt-sp.jp/anime_kv/img/22/48/5/22485_1_8_8b.png?1551351647000
Lapis Re:LiGHTs　ラピスリライツ,	https://cs1.anime.dmkt-sp.jp/anime_kv/img/24/06/8/24068_1_8_8b.png?1591930905000
あまんちゅ！,	https://cs1.anime.dmkt-sp.jp/anime_kv/img/20/97/5/20975_1_8_8b.png?1551262056000
NO.6,	https://cs1.anime.dmkt-sp.jp/anime_kv/img/11/20/6/11206_1_8_8b.png?1552444274000
ウィッチブレイド,	https://cs1.anime.dmkt-sp.jp/anime_kv/img/10/08/8/10088_1_8_8b.png?1551182682000
夜ノヤッターマン,	https://cs1.anime.dmkt-sp.jp/anime_kv/img/11/61/5/11615_1_8_8b.png?1552445321000
スタンドマイヒーローズ　PIECE OF TRUTH,	https://cs1.anime.dmkt-sp.jp/anime_kv/img/22/99/6/22996_1_8_8b.png?1568696518000
Caligula -カリギュラ-,	https://cs1.anime.dmkt-sp.jp/anime_kv/img/22/07/5/22075_1_8_8b.png?1551350104000
グラスリップ,	https://cs1.anime.dmkt-sp.jp/anime_kv/img/11/35/1/11351_1_8_8b.png?1551174705000
英国一家、日本を食べる,	https://cs1.anime.dmkt-sp.jp/anime_kv/img/20/48/6/20486_1_8_8b.png?1551261699000
南鎌倉高校女子自転車部,	https://cs1.anime.dmkt-sp.jp/anime_kv/img/21/36/2/21362_1_8_8b.png?1551260358000
ゼーガペイン,	/img/img_lazySpace.gif
覆面系ノイズ,	/img/img_lazySpace.gif
TVアニメ｢Rewrite｣2nd シーズン,	/img/img_lazySpace.gif
少女たちは荒野を目指す,	/img/img_lazySpace.gif
懺・さよなら絶望先生,	/img/img_lazySpace.gif
赤毛のアン,	/img/img_lazySpace.gif
こばと。,	/img/img_lazySpace.gif
"ReLIFE""完結編""",	https://cs1.anime.dmkt-sp.jp/anime_kv/img/22/73/4/22734_1_8_8b.png?1553567427000
失われた未来を求めて,	https://cs1.anime.dmkt-sp.jp/anime_kv/img/11/47/4/11474_1_8_8b.png?1552446819000
神撃のバハムート GENESIS,	https://cs1.anime.dmkt-sp.jp/anime_kv/img/11/51/0/11510_1_8_8b.png?1551177079000
競女!!!!!!!!,	https://cs1.anime.dmkt-sp.jp/anime_kv/img/22/18/2/22182_1_8_8b.png?1551351185000
シャイニング・ティアーズ・クロス・ウィンド,	https://cs1.anime.dmkt-sp.jp/anime_kv/img/11/10/1/11101_1_8_8b.png?1552446299000
スタミュ（第2期） ,	https://cs1.anime.dmkt-sp.jp/anime_kv/img/21/51/7/21517_1_8_8b.png?1551260263000
22/7,	https://cs1.anime.dmkt-sp.jp/anime_kv/img/23/16/2/23162_1_8_8b.png?1576630839000
魔法少女リリカルなのはViVid,	https://cs1.anime.dmkt-sp.jp/anime_kv/img/20/09/1/20091_1_8_8b.png?1551174346000
マリア様がみてる,	https://cs1.anime.dmkt-sp.jp/anime_kv/img/20/04/6/20046_1_8_8b.png?1551180535000
ソウルイーターノット！,	https://cs1.anime.dmkt-sp.jp/anime_kv/img/11/26/1/11261_1_8_8b.png?1551421989000
げんしけん2,	https://cs1.anime.dmkt-sp.jp/anime_kv/img/10/97/3/10973_1_8_8b.png?1552445547000
湘南爆走族,	https://cs1.anime.dmkt-sp.jp/anime_kv/img/11/30/1/11301_1_8_8b.png?1552447041000
それが声優！,	https://cs1.anime.dmkt-sp.jp/anime_kv/img/20/16/1/20161_1_8_8b.png?1551182846000
ガッチャマン クラウズ,	https://cs1.anime.dmkt-sp.jp/anime_kv/img/20/20/2/20202_1_8_8b.png?1551182438000
機動警察パトレイバー　NEW OVA,	https://cs1.anime.dmkt-sp.jp/anime_kv/img/10/36/4/10364_1_8_8b.png?1551421429000
君と僕。,	https://cs1.anime.dmkt-sp.jp/anime_kv/img/22/60/8/22608_1_8_8b.png?1551354495000
君のいる町,	/img/img_lazySpace.gif
orange,	/img/img_lazySpace.gif
ＳＫ∞ エスケーエイト,	/img/img_lazySpace.gif
ノルン+ノネット,	/img/img_lazySpace.gif
ひぐらしのなく頃に煌,	https://cs1.anime.dmkt-sp.jp/anime_kv/img/11/14/8/11148_1_8_8b.png?1551424050000
宇宙のステルヴィア,	https://cs1.anime.dmkt-sp.jp/anime_kv/img/11/03/4/11034_1_8_8b.png?1551184122000
映画｢けいおん!｣,	https://cs1.anime.dmkt-sp.jp/anime_kv/img/23/44/9/23449_1_8_8b.png?1580720778000
まりあ†ほりっく あらいぶ,	https://cs1.anime.dmkt-sp.jp/anime_kv/img/10/81/8/10818_1_8_8b.png?1551175204000
かりん,	https://cs1.anime.dmkt-sp.jp/anime_kv/img/10/02/5/10025_1_8_8b.png?1551178910000
軒轅剣・蒼き曜,	https://cs1.anime.dmkt-sp.jp/anime_kv/img/22/45/3/22453_1_8_8b.png?1551347727000
神田川JET GIRLS,	https://cs1.anime.dmkt-sp.jp/anime_kv/img/22/99/1/22991_1_8_8b.png?1569308455000
銀牙伝説WEED（ウィード）,	https://cs1.anime.dmkt-sp.jp/anime_kv/img/11/55/6/11556_1_8_8b.png?1551180903000
機甲戦記ドラグナー,	https://cs1.anime.dmkt-sp.jp/anime_kv/img/20/49/0/20490_1_8_8b.png?1551270423000
海月姫,	https://cs1.anime.dmkt-sp.jp/anime_kv/img/11/19/9/11199_1_8_8b.png?1551183525000
涼宮ハルヒの消失,	/img/img_lazySpace.gif
巌窟王,	/img/img_lazySpace.gif
To LOVEる-とらぶる- ダークネス2nd,	https://cs1.anime.dmkt-sp.jp/anime_kv/img/23/62/1/23621_1_8_8b.png?1582249045000
銀河漂流バイファム,	https://cs1.anime.dmkt-sp.jp/anime_kv/img/11/54/9/11549_1_8_8b.png?1552446651000
スキップ・ビート!,	https://cs1.anime.dmkt-sp.jp/anime_kv/img/24/01/1/24011_1_8_8b.png?1592973068000
学園アリス,	https://cs1.anime.dmkt-sp.jp/anime_kv/img/22/17/0/22170_1_8_8b.png?1551354710000
ワンピース TVオリジナル編,	https://cs1.anime.dmkt-sp.jp/anime_kv/img/22/91/6/22916_1_8_8b.png?1564466429000
劇場版 STEINS;GATE 負荷領域のデジャヴ,	https://cs1.anime.dmkt-sp.jp/anime_kv/img/11/42/5/11425_1_8_8b.png?1551178937000
西洋骨董洋菓子店 ～アンティーク～,	https://cs1.anime.dmkt-sp.jp/anime_kv/img/11/18/1/11181_1_8_8b.png?1552447439000
グリムノーツ The Animation,	https://cs1.anime.dmkt-sp.jp/anime_kv/img/22/58/2/22582_1_8_8b.png?1551348444000
Wake Up,Girls！,	https://cs1.anime.dmkt-sp.jp/anime_kv/img/11/13/8/11138_1_8_8b.png?1551179171000
ピーチガール,	https://cs1.anime.dmkt-sp.jp/anime_kv/img/11/17/3/11173_1_8_8b.png?1551176726000
ワンピース 海軍要塞編,	https://cs1.anime.dmkt-sp.jp/anime_kv/img/22/91/8/22918_1_8_8b.png?1564466422000
サンリオ男子,	https://cs1.anime.dmkt-sp.jp/anime_kv/img/21/94/1/21941_1_8_8b.png?1551346728000
舟を編む,	https://cs1.anime.dmkt-sp.jp/anime_kv/img/21/86/4/21864_1_8_8b.png?1551352429000
ルパン三世 PART1,	https://cs1.anime.dmkt-sp.jp/anime_kv/img/10/30/0/10300_1_8_8b.png?1551183404000
無限のリヴァイアス,	https://cs1.anime.dmkt-sp.jp/anime_kv/img/11/52/3/11523_1_8_8b.png?1551423346000
サークレット・プリンセス,	https://cs1.anime.dmkt-sp.jp/anime_kv/img/22/54/5/22545_1_8_8b.png?1551349522000
D4DJ　First Mix,	https://cs1.anime.dmkt-sp.jp/anime_kv/img/24/30/3/24303_1_8_8b.png?1602567096000
銀河へキックオフ,	https://cs1.anime.dmkt-sp.jp/anime_kv/img/22/33/5/22335_1_8_8b.png?1551348256000
ランス・アンド・マスクス,	https://cs1.anime.dmkt-sp.jp/anime_kv/img/20/36/9/20369_1_8_8b.png?1551260671000
ガールズ＆パンツァー 最終章 第1話,	https://cs1.anime.dmkt-sp.jp/anime_kv/img/22/78/0/22780_1_8_8b.png?1557721866000
えいがのおそ松さん,	https://cs1.anime.dmkt-sp.jp/anime_kv/img/23/18/6/23186_1_8_8b.png?1575598144000
厨病激発ボーイ,	https://cs1.anime.dmkt-sp.jp/anime_kv/img/22/99/2/22992_1_8_8b.png?1569308501000
アイカツ！（4thシーズン）,	https://cs1.anime.dmkt-sp.jp/anime_kv/img/21/99/4/21994_1_8_8b.png?1551346914000
マジきゅんっ！ルネッサンス,	https://cs1.anime.dmkt-sp.jp/anime_kv/img/21/19/1/21191_1_8_8b.png?1551270368000
胡蝶綺 ～若き信長～,	https://cs1.anime.dmkt-sp.jp/anime_kv/img/22/82/4/22824_1_8_8b.png?1560132007000
Classroom☆Crisis,	https://cs1.anime.dmkt-sp.jp/anime_kv/img/20/21/6/20216_1_8_8b.png?1552446410000
Re:ステージ! ドリームデイズ♪,	https://cs1.anime.dmkt-sp.jp/anime_kv/img/22/86/3/22863_1_8_8b.png?1562043600000
セントールの悩み,	https://cs1.anime.dmkt-sp.jp/anime_kv/img/21/65/3/21653_1_8_8b.png?1551422781000
劇場版「暗殺教室」365日の時間,	https://cs1.anime.dmkt-sp.jp/anime_kv/img/22/72/3/22723_1_8_8b.png?1553590808000
伝説巨神イデオン,	https://cs1.anime.dmkt-sp.jp/anime_kv/img/11/57/8/11578_1_8_8b.png?1552445023000
オーバーマン キングゲイナー,	https://cs1.anime.dmkt-sp.jp/anime_kv/img/11/31/5/11315_1_8_8b.png?1551176006000
ガングレイヴ,	https://cs1.anime.dmkt-sp.jp/anime_kv/img/10/23/5/10235_1_8_8b.png?1551174183000
学園戦記ムリョウ,	https://cs1.anime.dmkt-sp.jp/anime_kv/img/11/03/5/11035_1_8_8b.png?1551179614000
SHOW BY ROCK!!#,	https://cs1.anime.dmkt-sp.jp/anime_kv/img/21/10/8/21108_1_8_8b.png?1551270970000
心が叫びたがってるんだ。,	https://cs1.anime.dmkt-sp.jp/anime_kv/img/21/66/2/21662_1_8_8b.png?1551265275000
愛してるぜベイベ★★,	https://cs1.anime.dmkt-sp.jp/anime_kv/img/23/91/2/23912_1_8_8b.png?1584937834000
ミュークルドリーミー,	https://cs1.anime.dmkt-sp.jp/anime_kv/img/23/74/9/23749_1_8_8b.png?1602138634000
ふしぎな島のフローネ,	https://cs1.anime.dmkt-sp.jp/anime_kv/img/20/19/2/20192_1_8_8b.png?1551179388000
聖闘士星矢 冥王ハーデス十二宮編,	https://cs1.anime.dmkt-sp.jp/anime_kv/img/20/12/9/20129_1_8_8b.png?1551421545000
ニンジャスレイヤー フロムアニメイシヨン,	https://cs1.anime.dmkt-sp.jp/anime_kv/img/20/09/4/20094_1_8_8b.png?1551175495000
アイカツフレンズ！,	https://cs1.anime.dmkt-sp.jp/anime_kv/img/22/96/1/22961_1_8_8b.png?1566190807000
墓場鬼太郎,	https://cs1.anime.dmkt-sp.jp/anime_kv/img/11/22/7/11227_1_8_8b.png?1552447030000
おくさまが生徒会長!+!,	https://cs1.anime.dmkt-sp.jp/anime_kv/img/21/15/1/21151_1_8_8b.png?1551259960000
true tears,	https://cs1.anime.dmkt-sp.jp/anime_kv/img/22/33/1/22331_1_8_8b.png?1551350750000
ナナマル サンバツ,	https://cs1.anime.dmkt-sp.jp/anime_kv/img/21/64/8/21648_1_8_8b.png?1551268919000
つくもがみ貸します,	https://cs1.anime.dmkt-sp.jp/anime_kv/img/22/93/9/22939_1_8_8b.png?1563850840000
クロノクルセイド,	https://cs1.anime.dmkt-sp.jp/anime_kv/img/10/02/4/10024_1_8_8b.png?1551178119000
MADLAX,	https://cs1.anime.dmkt-sp.jp/anime_kv/img/10/83/3/10833_1_8_8b.png?1551176274000
フォトカノ,	https://cs1.anime.dmkt-sp.jp/anime_kv/img/21/56/8/21568_1_8_8b.png?1551269249000
OVA 鋼の錬金術師 FULLMETAL ALCHEMIST,	https://cs1.anime.dmkt-sp.jp/anime_kv/img/22/66/7/22667_1_8_8b.png?1559887207000
バッテリー,	https://cs1.anime.dmkt-sp.jp/anime_kv/img/21/86/3/21863_1_8_8b.png?1551349067000
異国迷路のクロワーゼ The Animation,	https://cs1.anime.dmkt-sp.jp/anime_kv/img/10/99/0/10990_1_8_8b.png?1551177156000
Dance with Devils,	https://cs1.anime.dmkt-sp.jp/anime_kv/img/20/36/6/20366_1_8_8b.png?1552447269000
W'z《ウィズ》,	https://cs1.anime.dmkt-sp.jp/anime_kv/img/22/53/9/22539_1_8_8b.png?1551353672000
SHOW BY ROCK!!ましゅまいれっしゅ!!,	https://cs1.anime.dmkt-sp.jp/anime_kv/img/23/15/2/23152_1_8_8b.png?1576476362000
マリア様がみてる～春～,	https://cs1.anime.dmkt-sp.jp/anime_kv/img/20/04/7/20047_1_8_8b.png?1551179095000
マリア様がみてる　４ｔｈシーズン,	https://cs1.anime.dmkt-sp.jp/anime_kv/img/20/04/9/20049_1_8_8b.png?1551178629000
コードギアス 反逆のルルーシュⅠ 興道,	https://cs1.anime.dmkt-sp.jp/anime_kv/img/22/60/2/22602_1_8_8b.png?1552445586000
機動警察パトレイバー　アーリーデイズ,	/img/img_lazySpace.gif
WHITE ALBUM,	/img/img_lazySpace.gif
ブラック・ジャック21,	/img/img_lazySpace.gif
怪～ayakashi～,	/img/img_lazySpace.gif
戦国コレクション,	/img/img_lazySpace.gif
あまんちゅ！～あどばんす～,	/img/img_lazySpace.gif
劇場版 魔法少女まどか☆マギカ［前編］始まりの物語,	/img/img_lazySpace.gif
アオハライド,	/img/img_lazySpace.gif
金色のコルダ～primo passo～,	/img/img_lazySpace.gif
ユリ熊嵐,	/img/img_lazySpace.gif
京騒戯画,	https://cs1.anime.dmkt-sp.jp/anime_kv/img/22/71/9/22719_1_8_8b.png?1554877861000
リトルバスターズ！～Refrain～,	https://cs1.anime.dmkt-sp.jp/anime_kv/img/11/01/5/11015_1_8_8b.png?1591839346000
ヤング ブラック･ジャック,	https://cs1.anime.dmkt-sp.jp/anime_kv/img/20/38/6/20386_1_8_8b.png?1551267576000
いちご100％,	https://cs1.anime.dmkt-sp.jp/anime_kv/img/24/19/1/24191_1_8_8b.png?1597289408000
昭和元禄落語心中 -助六再び篇-,	https://cs1.anime.dmkt-sp.jp/anime_kv/img/22/19/4/22194_1_8_8b.png?1551349292000
宇宙をかける少女,	https://cs1.anime.dmkt-sp.jp/anime_kv/img/11/57/9/11579_1_8_8b.png?1552445634000
ウィッチハンターロビン,	https://cs1.anime.dmkt-sp.jp/anime_kv/img/20/59/2/20592_1_8_8b.png?1552445851000
消滅都市,	https://cs1.anime.dmkt-sp.jp/anime_kv/img/23/72/0/23720_1_8_8b.png?1585276231000
夏雪ランデブー,	https://cs1.anime.dmkt-sp.jp/anime_kv/img/11/21/0/11210_1_8_8b.png?1552447185000
恋とプロデューサー～EVOL×LOVE～,	https://cs1.anime.dmkt-sp.jp/anime_kv/img/24/10/6/24106_1_8_8b.png?1594004407000
理系が恋に落ちたので証明してみた。,	https://cs1.anime.dmkt-sp.jp/anime_kv/img/24/53/3/24533_1_8_8b.png?1613444406000
捏造トラップ-NTR-,	https://cs1.anime.dmkt-sp.jp/anime_kv/img/21/64/2/21642_1_8_8b.png?1551270446000
アニメガタリズ,	https://cs1.anime.dmkt-sp.jp/anime_kv/img/21/65/4/21654_1_8_8b.png?1551267689000
弱虫ペダル Ｒｅ：ＲＩＤＥ,	https://cs1.anime.dmkt-sp.jp/anime_kv/img/20/12/4/20124_1_8_8b.png?1551422161000
君と僕。2,	https://cs1.anime.dmkt-sp.jp/anime_kv/img/22/60/9/22609_1_8_8b.png?1551354430000
映画 ハイ☆スピード！－Free! Starting Daysー,	https://cs1.anime.dmkt-sp.jp/anime_kv/img/22/22/6/22226_1_8_8b.png?1551346277000
プリンセス・プリンセス,	https://cs1.anime.dmkt-sp.jp/anime_kv/img/20/02/1/20021_1_8_8b.png?1552447206000
愛の若草物語,	https://cs1.anime.dmkt-sp.jp/anime_kv/img/20/19/7/20197_1_8_8b.png?1551176433000
劇場版 頭文字[イニシャル]D Third Stage,	https://cs1.anime.dmkt-sp.jp/anime_kv/img/24/22/8/24228_1_8_8b.png?1598518985000
OVA ハイスクール・フリート,	https://cs1.anime.dmkt-sp.jp/anime_kv/img/21/98/3/21983_1_8_8b.png?1551352053000
ガリレイドンナ,	https://cs1.anime.dmkt-sp.jp/anime_kv/img/11/21/2/11212_1_8_8b.png?1552446371000
ガッチャマン クラウズ インサイト,	https://cs1.anime.dmkt-sp.jp/anime_kv/img/20/22/0/20220_1_8_8b.png?1551175226000
少年ハリウッド -HOLLY STAGE FOR 49-/少年ハリウッド -HOLLY STAGE FOR 50-,	https://cs1.anime.dmkt-sp.jp/anime_kv/img/11/35/9/11359_1_8_8b.png?1551179299000
アルゴナビス from BanG Dream!,	https://cs1.anime.dmkt-sp.jp/anime_kv/img/23/87/7/23877_1_8_8b.png?1584610207000
神霊狩／GHOST HOUND,	https://cs1.anime.dmkt-sp.jp/anime_kv/img/21/01/6/21016_1_8_8b.png?1551263399000
鋼の錬金術師 嘆きの丘の聖なる星,	https://cs1.anime.dmkt-sp.jp/anime_kv/img/20/63/4/20634_1_8_8b.png?1551264111000
つうかあ,	https://cs1.anime.dmkt-sp.jp/anime_kv/img/21/81/7/21817_1_8_8b.png?1551346750000
クラスターエッジ,	https://cs1.anime.dmkt-sp.jp/anime_kv/img/11/54/7/11547_1_8_8b.png?1552447934000
恋愛ラボ,	https://cs1.anime.dmkt-sp.jp/anime_kv/img/23/97/7/23977_1_8_8b.png?1589853689000
東のエデン 劇場版I The King of Eden,	https://cs1.anime.dmkt-sp.jp/anime_kv/img/20/32/3/20323_1_8_8b.png?1551266708000
ガンダムビルドファイターズ バトローグ,	https://cs1.anime.dmkt-sp.jp/anime_kv/img/21/78/2/21782_1_8_8b.png?1552447622000
金色のコルダ　Blue♪Sky,	https://cs1.anime.dmkt-sp.jp/anime_kv/img/11/26/7/11267_1_8_8b.png?1552447653000
特別版 Free!-Take Your Marks-,	https://cs1.anime.dmkt-sp.jp/anime_kv/img/22/97/7/22977_1_8_8b.png?1566786608000
ワンピース TVオリジナル編（2）,	https://cs1.anime.dmkt-sp.jp/anime_kv/img/22/93/2/22932_1_8_8b.png?1564466473000
小公子セディ,	https://cs1.anime.dmkt-sp.jp/anime_kv/img/20/18/6/20186_1_8_8b.png?1551421280000
planetarian ～ちいさなほしのゆめ～,	https://cs1.anime.dmkt-sp.jp/anime_kv/img/20/98/4/20984_1_8_8b.png?1551266799000
宇宙の騎士テッカマンブレード,	/img/img_lazySpace.gif
AKB0048 nextstage,	/img/img_lazySpace.gif
セイクリッドセブン,	/img/img_lazySpace.gif
ブレンパワード,	/img/img_lazySpace.gif
ソラとウミのアイダ,	/img/img_lazySpace.gif
劇場版 鋼の錬金術師 シャンバラを征く者,	/img/img_lazySpace.gif
ステラ女学院高等科C3部（しーきゅーぶ）,	/img/img_lazySpace.gif
千銃士,	/img/img_lazySpace.gif
NOIR,	https://cs1.anime.dmkt-sp.jp/anime_kv/img/10/19/1/10191_1_8_8b.png?1551181362000
愛少女ポリアンナ物語,	https://cs1.anime.dmkt-sp.jp/anime_kv/img/20/18/5/20185_1_8_8b.png?1551176332000
正解するカド,	https://cs1.anime.dmkt-sp.jp/anime_kv/img/23/00/4/23004_1_8_8b.png?1567580407000
鬼平,	https://cs1.anime.dmkt-sp.jp/anime_kv/img/22/60/5/22605_1_8_8b.png?1551421522000
映画 中二病でも恋がしたい！ -Take On Me-,	https://cs1.anime.dmkt-sp.jp/anime_kv/img/23/44/4/23444_1_8_8b.png?1580720926000
Butlers～千年百年物語～,	https://cs1.anime.dmkt-sp.jp/anime_kv/img/22/08/4/22084_1_8_8b.png?1551347223000
ロミオの青い空,	https://cs1.anime.dmkt-sp.jp/anime_kv/img/20/19/9/20199_1_8_8b.png?1551176597000
TVアニメ「いつだって僕らの恋は10センチだった。」,	https://cs1.anime.dmkt-sp.jp/anime_kv/img/22/74/6/22746_1_8_8b.png?1555468255000
BUZZER BEATER,	https://cs1.anime.dmkt-sp.jp/anime_kv/img/21/62/4/21624_1_8_8b.png?1551422714000
私のあしながおじさん,	https://cs1.anime.dmkt-sp.jp/anime_kv/img/20/24/8/20248_1_8_8b.png?1551174695000
フラクタル,	https://cs1.anime.dmkt-sp.jp/anime_kv/img/11/20/0/11200_1_8_8b.png?1552447521000
行け！稲中卓球部,	https://cs1.anime.dmkt-sp.jp/anime_kv/img/22/16/2/22162_1_8_8b.png?1551353909000
ワカコ酒,	https://cs1.anime.dmkt-sp.jp/anime_kv/img/20/23/3/20233_1_8_8b.png?1551422822000
KING OF PRISM -PRIDE the HERO-,	https://cs1.anime.dmkt-sp.jp/anime_kv/img/22/14/6/22146_1_8_8b.png?1552444904000
コードギアス 反逆のルルーシュⅢ 皇道,	https://cs1.anime.dmkt-sp.jp/anime_kv/img/22/60/4/22604_1_8_8b.png?1552545008000
謎の彼女X,	https://cs1.anime.dmkt-sp.jp/anime_kv/img/22/83/2/22832_1_8_8b.png?1559808030000
レ・ミゼラブル　少女コゼット,	https://cs1.anime.dmkt-sp.jp/anime_kv/img/20/25/5/20255_1_8_8b.png?1551174727000
BE-BOP-HIGHSCHOOL,	https://cs1.anime.dmkt-sp.jp/anime_kv/img/11/30/0/11300_1_8_8b.png?1580259612000
ACTORS -Songs Connection-,	https://cs1.anime.dmkt-sp.jp/anime_kv/img/23/02/5/23025_1_8_8b.png?1568696479000
トライナイツ,	https://cs1.anime.dmkt-sp.jp/anime_kv/img/22/86/1/22861_1_8_8b.png?1563778854000
ガサラキ,	https://cs1.anime.dmkt-sp.jp/anime_kv/img/11/52/1/11521_1_8_8b.png?1551184294000
アイドルマスター XENOGLOSSIA,	https://cs1.anime.dmkt-sp.jp/anime_kv/img/20/28/1/20281_1_8_8b.png?1551180133000
夏目友人帳　いつかゆきのひに,	https://cs1.anime.dmkt-sp.jp/anime_kv/img/11/43/2/11432_1_8_8b.png?1551183242000
リズと青い鳥,	https://cs1.anime.dmkt-sp.jp/anime_kv/img/24/01/8/24018_1_8_8b.png?1592794808000
TVアニメ「IDOLY PRIDE -アイドリープライド-」,	https://cs1.anime.dmkt-sp.jp/anime_kv/img/24/45/2/24452_1_8_8b.png?1608102084000
わかば＊ガール,	https://cs1.anime.dmkt-sp.jp/anime_kv/img/20/22/9/20229_1_8_8b.png?1551183503000
秒速5センチメートル,	/img/img_lazySpace.gif
「KING OF PRISM by PrettyRhythm」,	/img/img_lazySpace.gif
東のエデン 劇場版II Paradise Lost,	/img/img_lazySpace.gif
七つの海のティコ,	/img/img_lazySpace.gif
プレイタの傷,	/img/img_lazySpace.gif
言の葉の庭,	/img/img_lazySpace.gif
コードギアス 反逆のルルーシュⅡ 叛道,	https://cs1.anime.dmkt-sp.jp/anime_kv/img/22/60/3/22603_1_8_8b.png?1552447428000
劇場版 魔法少女まどか☆マギカ［後編］永遠の物語,	https://cs1.anime.dmkt-sp.jp/anime_kv/img/23/48/2/23482_1_8_8b.png?1580797838000
劇場版Fate/stay night UNLIMITED BLADE WORKS,	https://cs1.anime.dmkt-sp.jp/anime_kv/img/23/24/4/23244_1_8_8b.png?1581305446000
トラップ一家物語,	https://cs1.anime.dmkt-sp.jp/anime_kv/img/20/24/9/20249_1_8_8b.png?1551173439000
劇場版 世界一初恋～横澤隆史の場合～,	https://cs1.anime.dmkt-sp.jp/anime_kv/img/20/00/1/20001_1_8_8b.png?1551174205000
劇場版 Free!-Timeless Medley- 絆,	https://cs1.anime.dmkt-sp.jp/anime_kv/img/22/22/7/22227_1_8_8b.png?1551758408000
ガールズ＆パンツァー これが本当のアンツィオ戦です！,	https://cs1.anime.dmkt-sp.jp/anime_kv/img/21/85/6/21856_1_8_8b.png?1557721908000
巨人の星,	https://cs1.anime.dmkt-sp.jp/anime_kv/img/23/38/7/23387_1_8_8b.png?1582853444000
ツキウタ。 THE ANIMATION 2,	https://cs1.anime.dmkt-sp.jp/anime_kv/img/24/29/3/24293_1_8_8b.png?1600857360000
｢エル・カザド｣,	https://cs1.anime.dmkt-sp.jp/anime_kv/img/10/57/3/10573_1_8_8b.png?1551176065000
だんちがい,	https://cs1.anime.dmkt-sp.jp/anime_kv/img/20/17/1/20171_1_8_8b.png?1551180416000
SOUND THEATRE × 夏目友人帳 ～集い 音劇の章～,	https://cs1.anime.dmkt-sp.jp/anime_kv/img/20/34/6/20346_1_8_8b.png?1551260113000
MARGINAL#4 KISSから創造るBig Bang,	https://cs1.anime.dmkt-sp.jp/anime_kv/img/21/36/7/21367_1_8_8b.png?1551268682000
コンビニカレシ ,	https://cs1.anime.dmkt-sp.jp/anime_kv/img/21/65/9/21659_1_8_8b.png?1551263746000
世界でいちばん強くなりたい！【リテイク版】,	https://cs1.anime.dmkt-sp.jp/anime_kv/img/11/55/1/11551_1_8_8b.png?1551174015000
フランダースの犬,	https://cs1.anime.dmkt-sp.jp/anime_kv/img/20/13/6/20136_1_8_8b.png?1551175261000
Wake Up, Girls！ 新章,	https://cs1.anime.dmkt-sp.jp/anime_kv/img/21/82/2/21822_1_8_8b.png?1592359208000
夜は短し歩けよ乙女,	https://cs1.anime.dmkt-sp.jp/anime_kv/img/22/14/8/22148_1_8_8b.png?1552445343000
牧場の少女カトリ,	https://cs1.anime.dmkt-sp.jp/anime_kv/img/20/19/6/20196_1_8_8b.png?1551174852000
僕のヒーローアカデミア（第4期） オリジナルアニメ,	https://cs1.anime.dmkt-sp.jp/anime_kv/img/24/15/4/24154_1_8_8b.png?1596596446000
ハングリーハート　WILD STRIKER,	https://cs1.anime.dmkt-sp.jp/anime_kv/img/23/53/9/23539_1_8_8b.png?1580448836000
シュヴァリエ,	https://cs1.anime.dmkt-sp.jp/anime_kv/img/11/38/8/11388_1_8_8b.png?1551177781000
宙のまにまに,	https://cs1.anime.dmkt-sp.jp/anime_kv/img/20/45/5/20455_1_8_8b.png?1551268087000
黄金勇者ゴルドラン,	https://cs1.anime.dmkt-sp.jp/anime_kv/img/20/29/5/20295_1_8_8b.png?1552446714000
キャプテン・アース,	https://cs1.anime.dmkt-sp.jp/anime_kv/img/23/94/4/23944_1_8_8b.png?1597289432000
Z/X IGNITION,	https://cs1.anime.dmkt-sp.jp/anime_kv/img/11/12/5/11125_1_8_8b.png?1592794839000
おジャ魔女どれみナ・イ・ショ,	https://cs1.anime.dmkt-sp.jp/anime_kv/img/22/78/4/22784_1_8_8b.png?1558084058000
ムネモシュネの娘たち,	https://cs1.anime.dmkt-sp.jp/anime_kv/img/10/47/1/10471_1_8_8b.png?1551174414000
夏目友人帳 伍　特別編１　一夜盃（ひとよさかずき）,	https://cs1.anime.dmkt-sp.jp/anime_kv/img/21/55/3/21553_1_8_8b.png?1551269111000
ジャイアント ロボ THE ANIMATION 地球が静止する日,	https://cs1.anime.dmkt-sp.jp/anime_kv/img/10/77/5/10775_1_8_8b.png?1551175002000
ブラック・ジャック＜OVA＞,	https://cs1.anime.dmkt-sp.jp/anime_kv/img/11/46/7/11467_1_8_8b.png?1551178367000
劇場版　はいからさんが通る　前編　～紅緒、花の17歳～,	https://cs1.anime.dmkt-sp.jp/anime_kv/img/22/33/2/22332_1_8_8b.png?1551351121000
DYNAMIC CHORD,	https://cs1.anime.dmkt-sp.jp/anime_kv/img/21/83/2/21832_1_8_8b.png?1551350568000
音楽少女,	https://cs1.anime.dmkt-sp.jp/anime_kv/img/22/25/2/22252_1_8_8b.png?1551350556000
光と水のダフネ,	https://cs1.anime.dmkt-sp.jp/anime_kv/img/10/77/7/10777_1_8_8b.png?1551183559000
スケートリーディング☆スターズ,	https://cs1.anime.dmkt-sp.jp/anime_kv/img/24/42/1/24421_1_8_8b.png?1607488259000
ルパン三世TVSP #13 アルカトラズ コネクション,	https://cs1.anime.dmkt-sp.jp/anime_kv/img/21/77/2/21772_1_8_8b.png?1551347454000
はいからさんが通る,	https://cs1.anime.dmkt-sp.jp/anime_kv/img/22/94/2/22942_1_8_8b.png?1565674232000
劇場版響け！ユーフォニアム～北宇治高校吹奏楽部へようこそ～,	https://cs1.anime.dmkt-sp.jp/anime_kv/img/24/01/6/24016_1_8_8b.png?1591072236000
たまこラブストーリー,	https://cs1.anime.dmkt-sp.jp/anime_kv/img/23/44/8/23448_1_8_8b.png?1580720823000
アイドルマスター シンデレラガールズ劇場　2期,	/img/img_lazySpace.gif
空の青さを知る人よ,	/img/img_lazySpace.gif
ルパン三世 ルパンVS複製人間,	/img/img_lazySpace.gif
ぼくの地球を守って,	/img/img_lazySpace.gif
カブキブ！,	/img/img_lazySpace.gif
星界の戦旗,	/img/img_lazySpace.gif
グリザイアの迷宮,	/img/img_lazySpace.gif
星界の紋章,	/img/img_lazySpace.gif
プリンセスチュチュ,	https://cs1.anime.dmkt-sp.jp/anime_kv/img/10/11/9/10119_1_8_8b.png?1551176859000
惡の華,	https://cs1.anime.dmkt-sp.jp/anime_kv/img/22/83/1/22831_1_8_8b.png?1559808007000
劇場版  はいからさんが通る 後編　～花の東京大ロマン～,	https://cs1.anime.dmkt-sp.jp/anime_kv/img/22/70/7/22707_1_8_8b.png?1556179207000
獣王星,	https://cs1.anime.dmkt-sp.jp/anime_kv/img/11/18/8/11188_1_8_8b.png?1552447997000
闇の末裔,	https://cs1.anime.dmkt-sp.jp/anime_kv/img/23/14/2/23142_1_8_8b.png?1575531008000
あした世界が終わるとしても,	https://cs1.anime.dmkt-sp.jp/anime_kv/img/23/98/5/23985_1_8_8b.png?1592296486000
ドリフェス！,	https://cs1.anime.dmkt-sp.jp/anime_kv/img/21/14/3/21143_1_8_8b.png?1551270121000
火の鳥,	https://cs1.anime.dmkt-sp.jp/anime_kv/img/10/92/6/10926_1_8_8b.png?1551177386000
劇場版響け！ユーフォニアム～届けたいメロディ～,	https://cs1.anime.dmkt-sp.jp/anime_kv/img/24/01/7/24017_1_8_8b.png?1591072208000
聖闘士星矢 冥王ハーデスエリシオン編,	https://cs1.anime.dmkt-sp.jp/anime_kv/img/20/13/2/20132_1_8_8b.png?1551175505000
あらいぐまラスカル,	/img/img_lazySpace.gif
僕のヒーローアカデミア（第2期） オリジナルアニメ,	/img/img_lazySpace.gif
劇場版 Free!-Timeless Medley- 約束,	/img/img_lazySpace.gif
ヒカルの碁スペシャル　北斗杯への道,	/img/img_lazySpace.gif
ブギーポップは笑わない Boogiepop Phantom,	https://cs1.anime.dmkt-sp.jp/anime_kv/img/10/71/1/10711_1_8_8b.png?1551182481000
ささめきこと,	https://cs1.anime.dmkt-sp.jp/anime_kv/img/10/68/4/10684_1_8_8b.png?1551175333000
トム・ソーヤーの冒険,	https://cs1.anime.dmkt-sp.jp/anime_kv/img/20/24/6/20246_1_8_8b.png?1551178292000
ずっと前から好きでした。～告白実行委員会～,	https://cs1.anime.dmkt-sp.jp/anime_kv/img/22/75/3/22753_1_8_8b.png?1555318826000
夏目友人帳　ニャンコ先生とはじめてのおつかい,	https://cs1.anime.dmkt-sp.jp/anime_kv/img/11/43/5/11435_1_8_8b.png?1551420136000
母をたずねて三千里,	https://cs1.anime.dmkt-sp.jp/anime_kv/img/20/24/7/20247_1_8_8b.png?1551178884000
LUPIN THE ⅢRD 次元大介の墓標,	https://cs1.anime.dmkt-sp.jp/anime_kv/img/21/30/8/21308_1_8_8b.png?1551269610000
そにアニ －SUPER SONICO THE ANIMATION－,	https://cs1.anime.dmkt-sp.jp/anime_kv/img/11/08/4/11084_1_8_8b.png?1551182043000
劇場版「王室教師ハイネ」,	https://cs1.anime.dmkt-sp.jp/anime_kv/img/22/79/9/22799_1_8_8b.png?1557901808000
巨神ゴーグ,	https://cs1.anime.dmkt-sp.jp/anime_kv/img/20/01/5/20015_1_8_8b.png?1577167364000
狐狸之声,	https://cs1.anime.dmkt-sp.jp/anime_kv/img/22/44/1/22441_1_8_8b.png?1551350411000
DIVE!!,	https://cs1.anime.dmkt-sp.jp/anime_kv/img/22/36/3/22363_1_8_8b.png?1551350149000
テイルズ オブ エターニア　THE ANIMATION,	https://cs1.anime.dmkt-sp.jp/anime_kv/img/21/01/8/21018_1_8_8b.png?1551263603000
劇場版 弱虫ペダル,	https://cs1.anime.dmkt-sp.jp/anime_kv/img/23/45/8/23458_1_8_8b.png?1583111168000
ルパン三世TVSP #12 １＄マネーウォーズ,	https://cs1.anime.dmkt-sp.jp/anime_kv/img/21/76/0/21760_1_8_8b.png?1551351288000
夏のあらし！,	https://cs1.anime.dmkt-sp.jp/anime_kv/img/20/14/7/20147_1_8_8b.png?1551184625000
彼女と彼女の猫 - Everything Flows -,	https://cs1.anime.dmkt-sp.jp/anime_kv/img/21/70/5/21705_1_8_8b.png?1551263816000
ブラック★ロックシューター,	https://cs1.anime.dmkt-sp.jp/anime_kv/img/11/20/9/11209_1_8_8b.png?1552447663000
小森さんは断れない！,	https://cs1.anime.dmkt-sp.jp/anime_kv/img/20/42/2/20422_1_8_8b.png?1551266479000
映画「図書館戦争　革命のつばさ」,	https://cs1.anime.dmkt-sp.jp/anime_kv/img/10/78/9/10789_1_8_8b.png?1552444351000
喧嘩番長 乙女 -Girl Beats Boys-,	/img/img_lazySpace.gif
おへんろ。～八十八歩記～,	/img/img_lazySpace.gif
働きマン,	/img/img_lazySpace.gif
ルパン三世TVSP #17 天使の策略～夢のカケラは殺しの香り～,	/img/img_lazySpace.gif
マリア様がみてる　OVA,	/img/img_lazySpace.gif
小鳥遊六花･改 ～劇場版 中二病でも恋がしたい!～,	/img/img_lazySpace.gif
ルパン三世TVSP #15 お宝返却大作戦!!,	https://cs1.anime.dmkt-sp.jp/anime_kv/img/21/76/2/21762_1_8_8b.png?1551347514000
ルパン三世TVSP #23 東方見聞録 ～アナザーページ～,	https://cs1.anime.dmkt-sp.jp/anime_kv/img/23/09/0/23090_1_8_8b.png?1573693350000
TVアニメ「ゲキドル」,	https://cs1.anime.dmkt-sp.jp/anime_kv/img/24/45/9/24459_1_8_8b.png?1608273056000
プリンセスナイン 如月女子高野球部,	https://cs1.anime.dmkt-sp.jp/anime_kv/img/11/03/9/11039_1_8_8b.png?1551175344000
魔法遣いに大切なこと,	https://cs1.anime.dmkt-sp.jp/anime_kv/img/10/12/3/10123_1_8_8b.png?1551176572000
よみがえる空 -RESCUE WINGS-,	https://cs1.anime.dmkt-sp.jp/anime_kv/img/22/38/1/22381_1_8_8b.png?1551349213000
あさがおと加瀬さん。,	https://cs1.anime.dmkt-sp.jp/anime_kv/img/22/66/2/22662_1_8_8b.png?1551056412000
踏切時間,	https://cs1.anime.dmkt-sp.jp/anime_kv/img/22/15/2/22152_1_8_8b.png?1551353076000
おそ松さん　第3.5話,	https://cs1.anime.dmkt-sp.jp/anime_kv/img/21/03/9/21039_1_8_8b.png?1551262477000
LUPIN THE ⅢRD 血煙の石川五エ門,	https://cs1.anime.dmkt-sp.jp/anime_kv/img/21/76/8/21768_1_8_8b.png?1551349869000
DAYS 東院学園編,	https://cs1.anime.dmkt-sp.jp/anime_kv/img/24/42/3/24423_1_8_8b.png?1607070658000
ルパン三世TVSP #14 EPISODE：0 ファーストコンタクト,	https://cs1.anime.dmkt-sp.jp/anime_kv/img/21/76/1/21761_1_8_8b.png?1551350432000
WHITE ALBUM2,	https://cs1.anime.dmkt-sp.jp/anime_kv/img/24/47/5/24475_1_8_8b.png?1610587850000
ルパン三世TVSP #01 バイバイ・リバティー・危機一発！,	https://cs1.anime.dmkt-sp.jp/anime_kv/img/21/75/0/21750_1_8_8b.png?1551348295000
ガールズ＆パンツァー 最終章 第2話,	https://cs1.anime.dmkt-sp.jp/anime_kv/img/24/48/8/24488_1_8_8b.png?1609990235000
おにいさまへ・・・,	https://cs1.anime.dmkt-sp.jp/anime_kv/img/11/44/7/11447_1_8_8b.png?1551181668000
幕末Rock,	https://cs1.anime.dmkt-sp.jp/anime_kv/img/11/35/2/11352_1_8_8b.png?1551184100000
OVA東京喰種トーキョーグール【JACK】,	https://cs1.anime.dmkt-sp.jp/anime_kv/img/20/45/9/20459_1_8_8b.png?1551421680000
アイドルマスター シンデレラガールズ劇場　3rd SEASON,	https://cs1.anime.dmkt-sp.jp/anime_kv/img/22/24/8/22248_1_8_8b.png?1551351503000
SHOW BY ROCK!! STARS!!,	https://cs1.anime.dmkt-sp.jp/anime_kv/img/24/41/9/24419_1_8_8b.png?1608795026000
蒼穹のファフナー　HEAVEN AND EARTH,	https://cs1.anime.dmkt-sp.jp/anime_kv/img/11/54/8/11548_1_8_8b.png?1551180690000
アタックNo.1,	https://cs1.anime.dmkt-sp.jp/anime_kv/img/23/39/1/23391_1_8_8b.png?1583220699000
西の善き魔女 Astraea Testament,	https://cs1.anime.dmkt-sp.jp/anime_kv/img/10/39/4/10394_1_8_8b.png?1551180625000
夏目友人帳 伍　特別編２　遊戯の宴,	https://cs1.anime.dmkt-sp.jp/anime_kv/img/23/03/9/23039_1_8_8b.png?1568964647000
ルパン三世TVSP #07 ハリマオの財宝を追え！！,	https://cs1.anime.dmkt-sp.jp/anime_kv/img/21/75/6/21756_1_8_8b.png?1551346444000
中高一貫！！キメツ学園物語,	https://cs1.anime.dmkt-sp.jp/anime_kv/img/24/55/0/24550_1_8_8b.png?1614825164000
劇場版 花咲くいろは HOME SWEET HOME,	https://cs1.anime.dmkt-sp.jp/anime_kv/img/11/51/5/11515_1_8_8b.png?1551180995000
number24,	https://cs1.anime.dmkt-sp.jp/anime_kv/img/23/56/2/23562_1_8_8b.png?1585207806000
新・巨人の星,	https://cs1.anime.dmkt-sp.jp/anime_kv/img/23/38/8/23388_1_8_8b.png?1583111297000
若草物語　ナンとジョー先生,	https://cs1.anime.dmkt-sp.jp/anime_kv/img/20/25/1/20251_1_8_8b.png?1551177445000
アクションヒロイン チアフルーツ,	https://cs1.anime.dmkt-sp.jp/anime_kv/img/21/65/8/21658_1_8_8b.png?1551270008000
源氏物語千年紀Genji,	https://cs1.anime.dmkt-sp.jp/anime_kv/img/11/18/4/11184_1_8_8b.png?1552447573000
Paradise Kiss,	https://cs1.anime.dmkt-sp.jp/anime_kv/img/11/18/7/11187_1_8_8b.png?1552447377000
WAVE!!～サーフィンやっぺ!!～,	https://cs1.anime.dmkt-sp.jp/anime_kv/img/24/44/2/24442_1_8_8b.png?1607500983000
ef - a tale of memories.,	https://cs1.anime.dmkt-sp.jp/anime_kv/img/23/25/8/23258_1_8_8b.png?1581476462000
機甲界ガリアン,	https://cs1.anime.dmkt-sp.jp/anime_kv/img/11/38/3/11383_1_8_8b.png?1551180467000
GADGUARD,	https://cs1.anime.dmkt-sp.jp/anime_kv/img/10/25/8/10258_1_8_8b.png?1551178161000
ルパン三世TVSP #05 ルパン暗殺指令,	https://cs1.anime.dmkt-sp.jp/anime_kv/img/21/75/4/21754_1_8_8b.png?1551352251000
南の虹のルーシー,	https://cs1.anime.dmkt-sp.jp/anime_kv/img/20/19/3/20193_1_8_8b.png?1551179434000
空中ブランコ,	https://cs1.anime.dmkt-sp.jp/anime_kv/img/11/18/3/11183_1_8_8b.png?1552447914000
聖闘士星矢 冥王ハーデス冥界編 後章,	https://cs1.anime.dmkt-sp.jp/anime_kv/img/20/13/1/20131_1_8_8b.png?1551174652000
ルパン三世TVSP #21 the Last Job,	https://cs1.anime.dmkt-sp.jp/anime_kv/img/21/76/7/21767_1_8_8b.png?1551354264000
ルパン三世TVSP #06 燃えよ斬鉄剣,	https://cs1.anime.dmkt-sp.jp/anime_kv/img/21/75/5/21755_1_8_8b.png?1551349900000
テイルズ オブ シンフォニア THE ANIMATION　シルヴァラント編,	https://cs1.anime.dmkt-sp.jp/anime_kv/img/20/95/2/20952_1_8_8b.png?1551266490000
夏のあらし！～春夏冬中～,	https://cs1.anime.dmkt-sp.jp/anime_kv/img/20/14/8/20148_1_8_8b.png?1551184483000
聖闘士星矢 冥王ハーデス冥界編 前章,	https://cs1.anime.dmkt-sp.jp/anime_kv/img/20/13/0/20130_1_8_8b.png?1551180121000
OVA東京喰種トーキョーグール【PINTO】,	https://cs1.anime.dmkt-sp.jp/anime_kv/img/20/46/0/20460_1_8_8b.png?1551267514000
山賊の娘ローニャ,	https://cs1.anime.dmkt-sp.jp/anime_kv/img/20/17/0/20170_1_8_8b.png?1551423999000
好きになるその瞬間を。～告白実行委員会～,	https://cs1.anime.dmkt-sp.jp/anime_kv/img/22/75/4/22754_1_8_8b.png?1555318807000
劇場版銀魂 完結篇 万事屋よ永遠なれ,	https://cs1.anime.dmkt-sp.jp/anime_kv/img/24/36/5/24365_1_8_8b.png?1606201208000
ルパン三世TVSP #10 炎の記憶 ～Tokyo Crisis～,	https://cs1.anime.dmkt-sp.jp/anime_kv/img/21/75/8/21758_1_8_8b.png?1551353943000
H2O ～FOOTPRINTS IN THE SAND～,	https://cs1.anime.dmkt-sp.jp/anime_kv/img/10/34/4/10344_1_8_8b.png?1551175665000
ルパン三世TVSP #22 血の刻印 永遠のmermaid,	https://cs1.anime.dmkt-sp.jp/anime_kv/img/22/01/2/22012_1_8_8b.png?1551354616000
ルパン三世TVSP #08 トワイライト☆ジェミニの秘密,	https://cs1.anime.dmkt-sp.jp/anime_kv/img/21/75/7/21757_1_8_8b.png?1551353844000
宇宙船サジタリウス,	https://cs1.anime.dmkt-sp.jp/anime_kv/img/11/52/6/11526_1_8_8b.png?1551176456000
侍ジャイアンツ,	https://cs1.anime.dmkt-sp.jp/anime_kv/img/23/39/3/23393_1_8_8b.png?1583220642000
ソ・ラ・ノ・ヲ・ト,	https://cs1.anime.dmkt-sp.jp/anime_kv/img/23/60/0/23600_1_8_8b.png?1581903605000
ルパン三世TVSP #03 ナポレオンの辞書を奪え,	https://cs1.anime.dmkt-sp.jp/anime_kv/img/21/75/2/21752_1_8_8b.png?1551351909000
ドリフェス！R,	https://cs1.anime.dmkt-sp.jp/anime_kv/img/21/73/4/21734_1_8_8b.png?1551352074000
新劇場版「頭文字D」Legend1-覚醒-,	https://cs1.anime.dmkt-sp.jp/anime_kv/img/24/23/5/24235_1_8_8b.png?1598519072000
ルパン三世TVSP #16 盗まれたルパン～コピーキャットは真夏の蝶～,	https://cs1.anime.dmkt-sp.jp/anime_kv/img/21/77/3/21773_1_8_8b.png?1551352392000
EVIL OR LIVE,	https://cs1.anime.dmkt-sp.jp/anime_kv/img/21/79/5/21795_1_8_8b.png?1551351100000
アイドル事変,	/img/img_lazySpace.gif
弱虫ペダル SPARE BIKE,	/img/img_lazySpace.gif
ルパン三世TVSP #24 princess of the breeze ～隠された空中都市～,	/img/img_lazySpace.gif
RED GARDEN,	/img/img_lazySpace.gif
ルパン三世TVSP #18 セブンデイズ・ラプソディ,	/img/img_lazySpace.gif
「おそ松さん」おうまでこばなし,	/img/img_lazySpace.gif
ルパン三世TVSP #02 ヘミングウェイ・ペーパーの謎,	/img/img_lazySpace.gif
夏目友人帳 陸　特別編１　鈴鳴るの切り株,	/img/img_lazySpace.gif
アイカツフレンズ！(2ndシーズン）,	/img/img_lazySpace.gif
アイドルマスター シンデレラガールズ劇場　CLIMAX SEASON,	/img/img_lazySpace.gif
魔法少女隊アルス,	/img/img_lazySpace.gif
ルパン三世TVSP #09 ワルサーＰ３８,	/img/img_lazySpace.gif
龍の歯医者,	https://cs1.anime.dmkt-sp.jp/anime_kv/img/21/46/0/21460_1_8_8b.png?1551262014000
スタミュ（第3期）,	https://cs1.anime.dmkt-sp.jp/anime_kv/img/24/32/3/24323_1_8_8b.png?1601379253000
言霊少女 the Animation -Microphone soul spinners-,	https://cs1.anime.dmkt-sp.jp/anime_kv/img/23/19/8/23198_1_8_8b.png?1577151007000
テイルズ オブ ファンタジア THE ANIMATION,	https://cs1.anime.dmkt-sp.jp/anime_kv/img/20/95/1/20951_1_8_8b.png?1551422923000
ガンダムビルドファイターズ GMの逆襲,	https://cs1.anime.dmkt-sp.jp/anime_kv/img/21/73/5/21735_1_8_8b.png?1551347860000
星界の戦旗Ⅱ,	https://cs1.anime.dmkt-sp.jp/anime_kv/img/20/46/8/20468_1_8_8b.png?1551264901000
魔法のプリンセス ミンキーモモ,	https://cs1.anime.dmkt-sp.jp/anime_kv/img/10/20/5/10205_1_8_8b.png?1551177301000
planetarian～星の人～,	https://cs1.anime.dmkt-sp.jp/anime_kv/img/21/67/5/21675_1_8_8b.png?1551263535000
アイ★チュウ,	https://cs1.anime.dmkt-sp.jp/anime_kv/img/24/46/3/24463_1_8_8b.png?1608084005000
バミューダトライアングル ～カラフル・パストラーレ～,	https://cs1.anime.dmkt-sp.jp/anime_kv/img/22/56/6/22566_1_8_8b.png?1551350727000
テイルズ オブ シンフォニア THE ANIMATION　テセアラ編,	https://cs1.anime.dmkt-sp.jp/anime_kv/img/20/95/3/20953_1_8_8b.png?1551268491000
タイムトラベル少女～マリ・ワカと8人の科学者たち～,	https://cs1.anime.dmkt-sp.jp/anime_kv/img/21/01/2/21012_1_8_8b.png?1578533432000
家なき子レミ,	/img/img_lazySpace.gif
ルパン三世TVSP #20 sweet lost night 〜魔法のランプは悪夢の予感〜,	/img/img_lazySpace.gif
夏目友人帳 陸　特別編２　夢幻のかけら,	/img/img_lazySpace.gif
ARP Backstage Pass,	/img/img_lazySpace.gif
ルパン三世TVSP #11 愛のダ・カーポ ～ＦＵＪＩＫＯ's Ｕnlucky Ｄays～,	/img/img_lazySpace.gif
くじびきアンバランス,	/img/img_lazySpace.gif
君のいる町　OAD,	/img/img_lazySpace.gif
SOUND THEATRE × 夏目友人帳 ～集い 音劇の章・再び～,	/img/img_lazySpace.gif
フラグタイム,	https://cs1.anime.dmkt-sp.jp/anime_kv/img/24/33/9/24339_1_8_8b.png?1602133659000
ルパン三世TVSP #19 霧のエリューシヴ,	https://cs1.anime.dmkt-sp.jp/anime_kv/img/21/76/5/21765_1_8_8b.png?1551346541000
ガンダムビルドファイターズトライ アイランド・ウォーズ,	https://cs1.anime.dmkt-sp.jp/anime_kv/img/21/72/5/21725_1_8_8b.png?1552445933000
ルパン三世TVSP #04 ロシアより愛をこめて,	https://cs1.anime.dmkt-sp.jp/anime_kv/img/21/75/3/21753_1_8_8b.png?1551347932000
アルプス物語　わたしのアンネット,	https://cs1.anime.dmkt-sp.jp/anime_kv/img/20/19/5/20195_1_8_8b.png?1551177145000
きみの声をとどけたい,	https://cs1.anime.dmkt-sp.jp/anime_kv/img/22/82/0/22820_1_8_8b.png?1562230833000
奏光のストレイン,	https://cs1.anime.dmkt-sp.jp/anime_kv/img/11/62/6/11626_1_8_8b.png?1551423127000
ピーターパンの冒険,	https://cs1.anime.dmkt-sp.jp/anime_kv/img/20/19/8/20198_1_8_8b.png?1551177917000
伏　鉄砲娘の捕物帳,	https://cs1.anime.dmkt-sp.jp/anime_kv/img/24/00/8/24008_1_8_8b.png?1592798542000
翠星のガルガンティア ～めぐる航路、遥か～ 前編,	https://cs1.anime.dmkt-sp.jp/anime_kv/img/24/35/4/24354_1_8_8b.png?1609745432000
ガラスの仮面(1984年版),	https://cs1.anime.dmkt-sp.jp/anime_kv/img/20/27/8/20278_1_8_8b.png?1551173960000
BUZZER BEATER 2nd Quarter ,	https://cs1.anime.dmkt-sp.jp/anime_kv/img/21/68/7/21687_1_8_8b.png?1551268347000
しにがみのバラッド。,	https://cs1.anime.dmkt-sp.jp/anime_kv/img/20/01/9/20019_1_8_8b.png?1552445625000
雲のむこう、約束の場所,	https://cs1.anime.dmkt-sp.jp/anime_kv/img/10/67/6/10676_1_8_8b.png?1551180249000
蒼穹のファフナー　RIGHT　OF　LEFT,	https://cs1.anime.dmkt-sp.jp/anime_kv/img/11/54/3/11543_1_8_8b.png?1551174938000
ワンピース シルバーマイン編,	https://cs1.anime.dmkt-sp.jp/anime_kv/img/24/13/1/24131_1_8_8b.png?1596418208000
ef - a tale of melodies.,	https://cs1.anime.dmkt-sp.jp/anime_kv/img/23/25/7/23257_1_8_8b.png?1581305719000
IZUMO　猛き剣の閃記,	https://cs1.anime.dmkt-sp.jp/anime_kv/img/10/97/9/10979_1_8_8b.png?1551174358000
Cosmic Baton Girl コメットさん☆,	https://cs1.anime.dmkt-sp.jp/anime_kv/img/22/39/5/22395_1_8_8b.png?1551353899000
新劇場版「頭文字D」Legend3-夢現-,	https://cs1.anime.dmkt-sp.jp/anime_kv/img/24/23/7/24237_1_8_8b.png?1598518894000
魔法遣いに大切なこと～夏のソラ～,	/img/img_lazySpace.gif
モーレツ宇宙海賊 ABYSS OF HYPERSPACE -亜空の深淵-,	/img/img_lazySpace.gif
白鯨伝説,	/img/img_lazySpace.gif
劇場版『タッチ　背番号のないエース』,	/img/img_lazySpace.gif
OVA「ACCA13区監察課 Regards」,	/img/img_lazySpace.gif
ジャングル大帝 （1989）,	/img/img_lazySpace.gif
GOLDEN BOY-ゴールデンボーイ-　さすらいのお勉強野郎,	https://cs1.anime.dmkt-sp.jp/anime_kv/img/11/34/7/11347_1_8_8b.png?1551176630000
こんにちは アン　～Before Green Gables,	https://cs1.anime.dmkt-sp.jp/anime_kv/img/20/20/0/20200_1_8_8b.png?1551179532000
ラムネ,	https://cs1.anime.dmkt-sp.jp/anime_kv/img/22/02/3/22023_1_8_8b.png?1551348976000
半分の月がのぼる空,	https://cs1.anime.dmkt-sp.jp/anime_kv/img/20/02/0/20020_1_8_8b.png?1552447884000
新劇場版「頭文字D」Legend2-闘走-,	https://cs1.anime.dmkt-sp.jp/anime_kv/img/24/23/6/24236_1_8_8b.png?1598519029000
テイルズ オブ シンフォニア THE ANIMATION　世界統合編,	https://cs1.anime.dmkt-sp.jp/anime_kv/img/20/95/4/20954_1_8_8b.png?1551260238000
Wake Up, Girls！ 七人のアイドル,	/img/img_lazySpace.gif
浦島坂田船の日常,	/img/img_lazySpace.gif
ガル学。～聖ガールズスクエア学院～,	/img/img_lazySpace.gif
劇場版スラムダンク　湘北最大の危機！燃えろ桜木花道,	/img/img_lazySpace.gif
ロボマスターズ,	https://cs1.anime.dmkt-sp.jp/anime_kv/img/21/80/4/21804_1_8_8b.png?1551351356000
WXIII機動警察パトレイバー,	https://cs1.anime.dmkt-sp.jp/anime_kv/img/10/36/5/10365_1_8_8b.png?1583200842000
アイカツオンパレード！,	https://cs1.anime.dmkt-sp.jp/anime_kv/img/24/37/3/24373_1_8_8b.png?1604986382000
ミス・モノクローム－The Animation－,	https://cs1.anime.dmkt-sp.jp/anime_kv/img/11/01/9/11019_1_8_8b.png?1551174801000
アイドル伝説 えり子,	https://cs1.anime.dmkt-sp.jp/anime_kv/img/10/42/2/10422_1_8_8b.png?1551174335000
翠星のガルガンティア ～めぐる航路、遥か～ 後編,	https://cs1.anime.dmkt-sp.jp/anime_kv/img/24/35/8/24358_1_8_8b.png?1609745454000
ここはグリーン・ウッド,	https://cs1.anime.dmkt-sp.jp/anime_kv/img/10/31/1/10311_1_8_8b.png?1551181722000
劇場版『タッチ３　君が通り過ぎたあとに』,	https://cs1.anime.dmkt-sp.jp/anime_kv/img/22/63/9/22639_1_8_8b.png?1553672119000
アイドル天使 ようこそようこ,	https://cs1.anime.dmkt-sp.jp/anime_kv/img/10/42/1/10421_1_8_8b.png?1551177569000
星を追う子ども,	https://cs1.anime.dmkt-sp.jp/anime_kv/img/21/04/0/21040_1_8_8b.png?1551262875000
新造人間キャシャーン,	https://cs1.anime.dmkt-sp.jp/anime_kv/img/20/03/7/20037_1_8_8b.png?1551180981000
弱虫ペダル Ｒｅ：ＲＯＡＤ,	https://cs1.anime.dmkt-sp.jp/anime_kv/img/23/71/6/23716_1_8_8b.png?1584945008000
恋する天使アンジェリーク ～心のめざめる時～,	https://cs1.anime.dmkt-sp.jp/anime_kv/img/23/73/8/23738_1_8_8b.png?1587704521000
ロケットガール,	https://cs1.anime.dmkt-sp.jp/anime_kv/img/11/62/5/11625_1_8_8b.png?1551177998000
弱虫ペダル Re：GENERATION,	https://cs1.anime.dmkt-sp.jp/anime_kv/img/23/45/3/23453_1_8_8b.png?1583111510000
銀魂　第295.5話　愛染香篇・前編,	https://cs1.anime.dmkt-sp.jp/anime_kv/img/24/36/2/24362_1_8_8b.png?1605153739000
テイルズ オブ ヴェスペリア ～ The First Strike ～,	/img/img_lazySpace.gif
若おかみは小学生！（劇場版）,	/img/img_lazySpace.gif
超次元革命アニメ『Dimensionハイスクール』,	/img/img_lazySpace.gif
ヤマノススメ おもいでプレゼント,	/img/img_lazySpace.gif
恋する天使アンジェリーク ～かがやきの明日～,	/img/img_lazySpace.gif
劇場版 銀魂 新訳紅桜篇,	/img/img_lazySpace.gif
蟲師 特別篇「日蝕む翳」,	/img/img_lazySpace.gif
ポルフィの長い旅,	/img/img_lazySpace.gif
不思議なソメラちゃん,	https://cs1.anime.dmkt-sp.jp/anime_kv/img/20/37/9/20379_1_8_8b.png?1551271232000
名犬ラッシー,	https://cs1.anime.dmkt-sp.jp/anime_kv/img/20/25/3/20253_1_8_8b.png?1551181903000
獣兵衛忍風帖 龍宝玉篇,	https://cs1.anime.dmkt-sp.jp/anime_kv/img/22/89/4/22894_1_8_8b.png?1563850832000
大草原の小さな天使　ブッシュベイビー,	https://cs1.anime.dmkt-sp.jp/anime_kv/img/20/25/0/20250_1_8_8b.png?1551184494000
魔法のプリンセス ミンキーモモ ‐夢を抱きしめて‐,	https://cs1.anime.dmkt-sp.jp/anime_kv/img/10/20/6/10206_1_8_8b.png?1551184538000
ガールズ＆パンツァー 第63回戦車道全国高校生大会 総集編,	https://cs1.anime.dmkt-sp.jp/anime_kv/img/24/48/9/24489_1_8_8b.png?1611644406000
劇場版スラムダンク　吠えろバスケットマン魂！！花道と流川の熱き夏,	https://cs1.anime.dmkt-sp.jp/anime_kv/img/11/05/6/11056_1_8_8b.png?1579231842000
頭文字[イニシャル]D Extra Stage インパクトブルーの彼方に・・・,	https://cs1.anime.dmkt-sp.jp/anime_kv/img/24/22/9/24229_1_8_8b.png?1598518962000
劇場版スラムダンク　全国制覇だ！桜木花道,	https://cs1.anime.dmkt-sp.jp/anime_kv/img/11/05/4/11054_1_8_8b.png?1579232058000
LUPIN THE ⅢRD 峰不二子の嘘,	https://cs1.anime.dmkt-sp.jp/anime_kv/img/24/37/1/24371_1_8_8b.png?1604019666000
はてな☆イリュージョン,	https://cs1.anime.dmkt-sp.jp/anime_kv/img/24/54/2/24542_1_8_8b.png?1613444451000
たまゆら～卒業写真～第1部　芽－きざし－,	https://cs1.anime.dmkt-sp.jp/anime_kv/img/21/05/8/21058_1_8_8b.png?1551265246000
青空少女隊,	https://cs1.anime.dmkt-sp.jp/anime_kv/img/10/83/7/10837_1_8_8b.png?1551178282000
劇場版スラムダンク,	https://cs1.anime.dmkt-sp.jp/anime_kv/img/11/05/3/11053_1_8_8b.png?1579231807000
蟲師 特別編「鈴の雫」,	https://cs1.anime.dmkt-sp.jp/anime_kv/img/23/61/1/23611_1_8_8b.png?1582185662000
映画『orange -未来-』,	https://cs1.anime.dmkt-sp.jp/anime_kv/img/23/45/1/23451_1_8_8b.png?1580193120000
シートン動物記,	https://cs1.anime.dmkt-sp.jp/anime_kv/img/20/14/5/20145_1_8_8b.png?1551180936000
三国志,	https://cs1.anime.dmkt-sp.jp/anime_kv/img/20/44/6/20446_1_8_8b.png?1551266244000
キノの旅 病気の国 -For You-,	https://cs1.anime.dmkt-sp.jp/anime_kv/img/10/09/8/10098_1_8_8b.png?1551181383000
ふしぎなメルモ,	https://cs1.anime.dmkt-sp.jp/anime_kv/img/10/92/2/10922_1_8_8b.png?1551174737000
雲のように風のように,	https://cs1.anime.dmkt-sp.jp/anime_kv/img/24/48/6/24486_1_8_8b.png?1609830034000
頭文字[イニシャル]D to the Next Stage プロジェクトDへ向けて,	https://cs1.anime.dmkt-sp.jp/anime_kv/img/24/23/1/24231_1_8_8b.png?1598519050000
劇場版 プリパラ＆キラッとプリ☆チャン ～きらきらメモリアルライブ～ - プリティーリズム オーロラドリームのコース,	/img/img_lazySpace.gif
頭文字[イニシャル]D Battle Stage,	/img/img_lazySpace.gif
頭文字[イニシャル]D Battle Stage 2,	/img/img_lazySpace.gif
アイドールズ！,	/img/img_lazySpace.gif
吟遊黙示録 マイネリーベ -wieder-,	https://cs1.anime.dmkt-sp.jp/anime_kv/img/10/16/2/10162_1_8_8b.png?1609909234000
キノの旅 何かをするために -Life goes on-/キノの旅 塔の国 -Free Lance-,	https://cs1.anime.dmkt-sp.jp/anime_kv/img/10/12/1/10121_1_8_8b.png?1551420337000
ひとひら,	https://cs1.anime.dmkt-sp.jp/anime_kv/img/10/45/8/10458_1_8_8b.png?1551176134000
たまゆら～卒業写真～第4部　朝－あした－,	https://cs1.anime.dmkt-sp.jp/anime_kv/img/21/06/1/21061_1_8_8b.png?1551270983000
劇場版アイカツ！,	https://cs1.anime.dmkt-sp.jp/anime_kv/img/22/02/1/22021_1_8_8b.png?1551352810000
三国志　第一部　英雄たちの夜明け,	https://cs1.anime.dmkt-sp.jp/anime_kv/img/22/58/8/22588_1_8_8b.png?1551348516000
頭文字[イニシャル]D Extra Stage 2 旅立ちのグリーン,	/img/img_lazySpace.gif
アイカツプラネット！,	/img/img_lazySpace.gif
探偵チームＫＺ（カッズ）事件ノート,	/img/img_lazySpace.gif
宇宙の騎士テッカマン,	/img/img_lazySpace.gif
新・湘南爆走族 荒くれKNIGHT,	/img/img_lazySpace.gif
同級生2 テレビ編集版,	/img/img_lazySpace.gif
大正メビウスライン ちっちゃいさん,	/img/img_lazySpace.gif
銀魂　ジャンプスペシャルアニメフェスタ2014,	/img/img_lazySpace.gif
洲崎西　THE ANIMATION,	/img/img_lazySpace.gif
劇場版KING OF PRISM -Shiny Seven Stars-,	/img/img_lazySpace.gif
劇場版『タッチ２　さよならの贈り物』,	https://cs1.anime.dmkt-sp.jp/anime_kv/img/22/63/8/22638_1_8_8b.png?1553672297000
銀魂　第295.5話　愛染香篇・後編,	https://cs1.anime.dmkt-sp.jp/anime_kv/img/24/36/3/24363_1_8_8b.png?1605153643000
たまゆら～卒業写真～第2部　響－ひびき－,	https://cs1.anime.dmkt-sp.jp/anime_kv/img/21/05/9/21059_1_8_8b.png?1551269284000
レディジョージィ！,	https://cs1.anime.dmkt-sp.jp/anime_kv/img/23/36/8/23368_1_8_8b.png?1582249430000
CLANNAD番外編 「夏休みの出来事」,	https://cs1.anime.dmkt-sp.jp/anime_kv/img/23/99/8/23998_1_8_8b.png?1591688305000
アイドルメモリーズ,	https://cs1.anime.dmkt-sp.jp/anime_kv/img/21/16/1/21161_1_8_8b.png?1551264037000
ミス・モノクローム -The Animation- 2,	https://cs1.anime.dmkt-sp.jp/anime_kv/img/20/21/8/20218_1_8_8b.png?1551421079000
たまゆら～卒業写真～第3部　憧－あこがれ－,	https://cs1.anime.dmkt-sp.jp/anime_kv/img/21/06/0/21060_1_8_8b.png?1551267298000
銀魂 ジャンプアニメツアー2005&2008,	https://cs1.anime.dmkt-sp.jp/anime_kv/img/24/36/8/24368_1_8_8b.png?1606201266000
Phantom-PHANTOM THE ANIMATION,	https://cs1.anime.dmkt-sp.jp/anime_kv/img/10/83/0/10830_1_8_8b.png?1551421457000
劇場版“文学少女”,	/img/img_lazySpace.gif
ブラック・ジャック＜Flashアニメ＞,	/img/img_lazySpace.gif
アシュラ,	/img/img_lazySpace.gif
家なき子,	/img/img_lazySpace.gif
劇場版プリパラみ～んなでかがやけ！キラリン☆スターライブ！- らぁらのコース,	/img/img_lazySpace.gif
宇宙の騎士テッカマンブレードⅡ,	/img/img_lazySpace.gif
鍵姫物語 永久アリス輪舞曲,	/img/img_lazySpace.gif
難波金融伝ミナミの帝王 アニメバージョン,	/img/img_lazySpace.gif
未来少年コナン　劇場版（ＨＤリマスター版）,	https://cs1.anime.dmkt-sp.jp/anime_kv/img/23/53/8/23538_1_8_8b.png?1580448769000
智一＆勝平の落語放浪記,	https://cs1.anime.dmkt-sp.jp/anime_kv/img/21/29/8/21298_1_8_8b.png?1551267563000
新・巨人の星Ⅱ,	https://cs1.anime.dmkt-sp.jp/anime_kv/img/23/38/9/23389_1_8_8b.png?1583111599000
三国志　完結編　遥かなる大地,	https://cs1.anime.dmkt-sp.jp/anime_kv/img/22/59/0/22590_1_8_8b.png?1551351448000
ブラック・ジャック 劇場版,	https://cs1.anime.dmkt-sp.jp/anime_kv/img/11/45/0/11450_1_8_8b.png?1551175959000
ぷっちみく♪ D4DJ Petit Mix,	https://cs1.anime.dmkt-sp.jp/anime_kv/img/24/50/6/24506_1_8_8b.png?1611046805000
三国志　第二部　長江燃ゆ！,	https://cs1.anime.dmkt-sp.jp/anime_kv/img/22/58/9/22589_1_8_8b.png?1551348728000
よりぬき銀魂さんオンシアター2D かぶき町四天王篇,	https://cs1.anime.dmkt-sp.jp/anime_kv/img/24/36/7/24367_1_8_8b.png?1606201241000
School Days＜Valentine Days＞,	https://cs1.anime.dmkt-sp.jp/anime_kv/img/24/17/6/24176_1_8_8b.png?1597993209000
少女革命ウテナ アドゥレセンス黙示録,	https://cs1.anime.dmkt-sp.jp/anime_kv/img/23/58/9/23589_1_8_8b.png?1583303460000
よりぬき銀魂さんオンシアター2D 真選組動乱篇,	https://cs1.anime.dmkt-sp.jp/anime_kv/img/24/36/6/24366_1_8_8b.png?1607302873000
普通の女子校生が【ろこどる】やってみた。クリスマススペシャル,	https://cs1.anime.dmkt-sp.jp/anime_kv/img/20/52/1/20521_1_8_8b.png?1551260275000
アイカツ！ミュージックアワード　みんなで賞をもらっちゃいまSHOW！,	/img/img_lazySpace.gif
続・劇場版 前篇 「Wake Up, Girls！ 青春の影」,	/img/img_lazySpace.gif
KITE LIBERATOR,	/img/img_lazySpace.gif
宗谷物語,	/img/img_lazySpace.gif
星界の戦旗Ⅲ,	/img/img_lazySpace.gif
ミス・モノクローム -The Animation- 3,	/img/img_lazySpace.gif
北へ。～Diamond Dust Drops～,	/img/img_lazySpace.gif
劇場版 プリパラ＆キラッとプリ☆チャン ～きらきらメモリアルライブ～ - プリティーリズム レインボーライブのコース,	/img/img_lazySpace.gif
バースデー・ワンダーランド,	/img/img_lazySpace.gif
その時、カノジョは。,	/img/img_lazySpace.gif
百日紅～Miss HOKUSAI～（HDクオリティ）,	https://cs1.anime.dmkt-sp.jp/anime_kv/img/24/18/8/24188_1_8_8b.png?1596679351000
八百八町表裏　化粧師【デジタルリマスター版】,	https://cs1.anime.dmkt-sp.jp/anime_kv/img/23/07/8/23078_1_8_8b.png?1573448408000
走り続けてよかったって。,	https://cs1.anime.dmkt-sp.jp/anime_kv/img/24/25/7/24257_1_8_8b.png?1599208208000
台風のノルダ,	https://cs1.anime.dmkt-sp.jp/anime_kv/img/21/05/1/21051_1_8_8b.png?1551422173000
茄子 スーツケースの渡り鳥,	https://cs1.anime.dmkt-sp.jp/anime_kv/img/11/22/3/11223_1_8_8b.png?1551176189000
THE IDOLM@STER MOVIE 輝きの向こう側へ！,	https://cs1.anime.dmkt-sp.jp/anime_kv/img/24/29/7/24297_1_8_8b.png?1599638704000
荒野の少年イサム,	https://cs1.anime.dmkt-sp.jp/anime_kv/img/23/36/1/23361_1_8_8b.png?1580452888000
この男子、人魚ひろいました。,	https://cs1.anime.dmkt-sp.jp/anime_kv/img/10/91/3/10913_1_8_8b.png?1551174370000
ワンピース 第406～407話,	https://cs1.anime.dmkt-sp.jp/anime_kv/img/24/14/5/24145_1_8_8b.png?1594711865000
「おそ松さん　第2期」ショートフィルムシリーズ,	https://cs1.anime.dmkt-sp.jp/anime_kv/img/23/18/8/23188_1_8_8b.png?1575597825000
CLANNAD番外編 「もうひとつの世界 智代編」,	/img/img_lazySpace.gif
劇場版「Dance with Devils-Fortuna-」,	/img/img_lazySpace.gif
燃えろ！トップストライカー,	/img/img_lazySpace.gif
ブラック・ジャック スペシャル～命をめぐる4つの奇跡～,	/img/img_lazySpace.gif
あぃまぃみぃ！ストロベリー・エッグ,	https://cs1.anime.dmkt-sp.jp/anime_kv/img/23/26/5/23265_1_8_8b.png?1582249477000
鬼平～その男、長谷川平蔵～,	https://cs1.anime.dmkt-sp.jp/anime_kv/img/22/60/6/22606_1_8_8b.png?1551423481000
映画「プリパラ み～んなのあこがれ♪レッツゴー☆プリパリ」- ふわり・あじみのコース,	https://cs1.anime.dmkt-sp.jp/anime_kv/img/21/60/2/21602_1_8_8b.png?1551271047000
宝島,	https://cs1.anime.dmkt-sp.jp/anime_kv/img/23/36/4/23364_1_8_8b.png?1583398860000
ばくおん!!こーひー!!,	https://cs1.anime.dmkt-sp.jp/anime_kv/img/23/34/7/23347_1_8_8b.png?1581904901000
劇場版プリパラみ～んなでかがやけ！キラリン☆スターライブ！- みれぃのコース,	https://cs1.anime.dmkt-sp.jp/anime_kv/img/22/00/5/22005_1_8_8b.png?1551351920000
CLANNAD AFTER STORY 番外編 「一年前の出来事」,	https://cs1.anime.dmkt-sp.jp/anime_kv/img/24/00/0/24000_1_8_8b.png?1591688446000
警視庁 特務部 特殊凶悪犯対策室 第七課 -トクナナ-（OVA）,	https://cs1.anime.dmkt-sp.jp/anime_kv/img/23/84/1/23841_1_8_8b.png?1584084717000
UN-GO episode：0 因果論,	https://cs1.anime.dmkt-sp.jp/anime_kv/img/23/83/7/23837_1_8_8b.png?1586403029000
三国志 Ⅱ 「天翔ける英雄たち」,	https://cs1.anime.dmkt-sp.jp/anime_kv/img/20/44/7/20447_1_8_8b.png?1551260817000
赤胴鈴之助,	https://cs1.anime.dmkt-sp.jp/anime_kv/img/23/36/0/23360_1_8_8b.png?1580452376000
金色のコルダ〜secondo passo〜,	https://cs1.anime.dmkt-sp.jp/anime_kv/img/20/63/2/20632_1_8_8b.png?1551266937000
この男子、魔法がお仕事です。,	https://cs1.anime.dmkt-sp.jp/anime_kv/img/20/70/8/20708_1_8_8b.png?1551263097000
ブラック・ジャック ふたりの黒い医者,	https://cs1.anime.dmkt-sp.jp/anime_kv/img/11/45/1/11451_1_8_8b.png?1551182406000
この男子、宇宙人と戦えます。～僕らのセカイのまもり方～,	https://cs1.anime.dmkt-sp.jp/anime_kv/img/10/18/7/10187_1_8_8b.png?1551422769000
続・劇場版 後篇 「Wake Up, Girls！ Beyond the Bottom」,	https://cs1.anime.dmkt-sp.jp/anime_kv/img/21/78/9/21789_1_8_8b.png?1551350073000
劇場版 プリパラ＆キラッとプリ☆チャン ～きらきらメモリアルライブ～ - プリティーリズム ディアマイフューチャーのコース,	/img/img_lazySpace.gif
「ランウェイで笑って」ミニアニメ,	/img/img_lazySpace.gif
センチメンタルジャーニー,	/img/img_lazySpace.gif
KING OF PRISM ALL STARS -プリズムショー☆ベストテン-　Over The Rainbowルート,	/img/img_lazySpace.gif
マイマイ新子と千年の魔法,	/img/img_lazySpace.gif
劇場版プリパラみ～んなでかがやけ！キラリン☆スターライブ！- ひびきのコース,	/img/img_lazySpace.gif
メガゾーン23 PARTⅡ秘密く・だ・さ・い,	/img/img_lazySpace.gif
風の中の少女　金髪のジェニー,	/img/img_lazySpace.gif
_summer,	/img/img_lazySpace.gif
河童のクゥと夏休み,	/img/img_lazySpace.gif
LEMON ANGEL PROJECT,	/img/img_lazySpace.gif
ONE～輝く季節へ～,	/img/img_lazySpace.gif
“文学少女” メモワールⅠ夢見る少女の前奏曲(プレリュード)-,	/img/img_lazySpace.gif
ガッ活！ 第1シリーズ,	/img/img_lazySpace.gif
CLANNAD AFTER STORY 総集編 「緑の樹の下で」,	/img/img_lazySpace.gif
映画「プリパラ み～んなのあこがれ♪レッツゴー☆プリパリ」- ひびきのコース,	/img/img_lazySpace.gif
ＧＡＴＣＨＡＭＡＮ,	/img/img_lazySpace.gif
ぼくは王さま,	/img/img_lazySpace.gif
夏色の砂時計,	/img/img_lazySpace.gif
ムタフカズ,	/img/img_lazySpace.gif
ジェネレイターガウル,	/img/img_lazySpace.gif
未来少年コナン　巨大機ギガントの復活[劇場版],	/img/img_lazySpace.gif
KING OF PRISM ALL STARS -プリズムショー☆ベストテン-　ハッピールート,	/img/img_lazySpace.gif
風の大陸 The Weathering Continent,	/img/img_lazySpace.gif
劇場版アイカツスターズ！,	/img/img_lazySpace.gif
ミリオンドール,	/img/img_lazySpace.gif
おれは鉄兵,	/img/img_lazySpace.gif
ブラック・ジャック ＜オリジナルアニメ＞,	/img/img_lazySpace.gif
フライングベイビーズ,	/img/img_lazySpace.gif
ブラック・ジャック 空からきた子ども,	/img/img_lazySpace.gif
風の少女エミリー,	/img/img_lazySpace.gif
“文学少女”メモワールⅢ恋する乙女の狂想曲(ラプソディ)-,	/img/img_lazySpace.gif
映画「プリパラ み～んなのあこがれ♪レッツゴー☆プリパリ」- 親衛隊のコース,	/img/img_lazySpace.gif
アイカツ！～ねらわれた魔法のアイカツ！カード～,	/img/img_lazySpace.gif
劇場版　フランダースの犬,	https://cs1.anime.dmkt-sp.jp/anime_kv/img/21/23/2/21232_1_8_8b.png?1551265546000
KING OF PRISM ALL STARS -プリズムショー☆ベストテン-　ストリートルート,	https://cs1.anime.dmkt-sp.jp/anime_kv/img/24/18/4/24184_1_8_8b.png?1600421407000
アジール・セッション,	https://cs1.anime.dmkt-sp.jp/anime_kv/img/10/18/2/10182_1_8_8b.png?1551183958000
“文学少女”メモワールⅡソラ舞う天使の鎮魂曲(レクイエム)-,	/img/img_lazySpace.gif
若草のシャルロット,	/img/img_lazySpace.gif
女王陛下のプティアンジェ,	/img/img_lazySpace.gif
星界の紋章　特別編,	/img/img_lazySpace.gif
柔道讃歌,	/img/img_lazySpace.gif
火の鳥 羽衣編,	/img/img_lazySpace.gif
WEBアニメ アイカツオンパレード！,	/img/img_lazySpace.gif
星界の戦旗　特別編,	/img/img_lazySpace.gif
龍 -RYO-,	/img/img_lazySpace.gif
星界の断章　誕生,	/img/img_lazySpace.gif
AIR IN SUMMER 特別編 前編 やまみち ～mountain path～,	/img/img_lazySpace.gif
紅 三四郎,	/img/img_lazySpace.gif
暗闇三太,	/img/img_lazySpace.gif
こんぷれっくす×コンプレックス,	/img/img_lazySpace.gif
愛の学校　クオレ物語,	/img/img_lazySpace.gif
おいら宇宙の探鉱夫,	/img/img_lazySpace.gif
AIR IN SUMMER 特別編 後編 あめつち ～universe～,	/img/img_lazySpace.gif
電脳戦隊ヴギィ’ズ・エンジェル　,	/img/img_lazySpace.gif
Goshogun In 時の異邦人(エトランゼ),	/img/img_lazySpace.gif
劇場版 MARCO 母をたずねて三千里,	/img/img_lazySpace.gif
8月のシンフォニー -渋谷2002～2003,	/img/img_lazySpace.gif
カナリア,	/img/img_lazySpace.gif
ワンワン三銃士,	/img/img_lazySpace.gif
ASTROBOY 鉄腕アトム 特別編：輝ける地球 ～あなたは青く、美しい…～,	/img/img_lazySpace.gif
ASTROBOY 鉄腕アトム ～特別編：アトム誕生の秘密～,	/img/img_lazySpace.gif
シークエンス,	/img/img_lazySpace.gif
マインド・ゲーム,	/img/img_lazySpace.gif
Fairy Princess Minky Momo 夢の中の輪舞,	/img/img_lazySpace.gif
鉄腕アトム ～地球最後の日～,	/img/img_lazySpace.gif
冒険者,	/img/img_lazySpace.gif
旅街レイトショー,	/img/img_lazySpace.gif
プレイヤーズ,	/img/img_lazySpace.gif
巨人の星【特別篇】猛虎　花形満,	/img/img_lazySpace.gif
坊っちゃん,	https://cs1.anime.dmkt-sp.jp/anime_kv/img/23/33/5/23335_1_8_8b.png?1580452400000
MINKY MOMO in 旅立ちの駅,	https://cs1.anime.dmkt-sp.jp/anime_kv/img/10/43/2/10432_1_8_8b.png?1551180406000
ミンキーモモ SONG スペシャル 瞳の星座,	https://cs1.anime.dmkt-sp.jp/anime_kv/img/10/43/8/10438_1_8_8b.png?1551181593000
MINKY MOMO in 夢にかける橋,	https://cs1.anime.dmkt-sp.jp/anime_kv/img/10/43/3/10433_1_8_8b.png?1551174501000
ジャングル大帝＜オリジナルアニメ＞,	https://cs1.anime.dmkt-sp.jp/anime_kv/img/11/46/3/11463_1_8_8b.png?1551178324000
劇場版 新 巨人の星,	https://cs1.anime.dmkt-sp.jp/anime_kv/img/23/32/4/23324_1_8_8b.png?1580450726000
ASTROBOY 鉄腕アトム 特別編：イワンの惑星 ～ロボットと人間の友情～,	https://cs1.anime.dmkt-sp.jp/anime_kv/img/11/46/1/11461_1_8_8b.png?1551421141000
姿三四郎,	https://cs1.anime.dmkt-sp.jp/anime_kv/img/23/33/7/23337_1_8_8b.png?1580452302000
アタックNo.1　富士見学園の新星,	https://cs1.anime.dmkt-sp.jp/anime_kv/img/23/32/5/23325_1_8_8b.png?1580450933000
アタックNo.1　涙の世界選手権,	https://cs1.anime.dmkt-sp.jp/anime_kv/img/23/32/7/23327_1_8_8b.png?1580451287000
劇場版　巨人の星　大リーグボール,	https://cs1.anime.dmkt-sp.jp/anime_kv/img/23/32/2/23322_1_8_8b.png?1580451237000
アタックNo.1　涙の不死鳥,	https://cs1.anime.dmkt-sp.jp/anime_kv/img/23/32/8/23328_1_8_8b.png?1580450551000
アタックNo.1　涙の回転レシーブ,	https://cs1.anime.dmkt-sp.jp/anime_kv/img/23/32/6/23326_1_8_8b.png?1580450771000
劇場版　巨人の星　宿命の対決,	https://cs1.anime.dmkt-sp.jp/anime_kv/img/23/32/3/23323_1_8_8b.png?1580451311000
劇場版　巨人の星　血ぞめの決勝戦,	https://cs1.anime.dmkt-sp.jp/anime_kv/img/23/32/0/23320_1_8_8b.png?1580450593000
劇場版　巨人の星　行け行け飛雄馬,	https://cs1.anime.dmkt-sp.jp/anime_kv/img/23/32/1/23321_1_8_8b.png?1580451005000